zp,descripcion,id_fecha,id_Grupo,id_Asunto,id_Hora,colonia,id_Lugar,calle2
414.0,POLICIA COMERCIAL,2022-03-02,ROBO A NEGOCIO,ROBO A TIENDAS DE CONVENIENCIA,21:29,USOS MIXTOS,EJERCITO NACIONAL,PASEO DE LA VICTORIA
511.0,UNEVID,2022-03-03,DET. ORDEN PENDIENTE,DET. ORDEN PENDIENTE,01:15,HORIZONTES DEL SUR,ARQUITECTO ENRIQUE DEL MORAL,BECERROS
521.0,GOE,2022-03-02,ASALTO OTROS,ASALTO C ARMA BLANCA A TRANSEUNTES,16:16,PARAJES DEL SUR FRACCIONAMIENTO,PUERTO ARGENTINO,CAMPO GRANDE
413.0,ORIENTE,2022-03-06,DET. ORDEN PENDIENTE,DET. ORDEN PENDIENTE,04:00,PLAZUELA DE ACUÑA,VALLE DEL RODANO,TECNOLOGICO
522.0,CANINA,2022-03-06,CARTUCHOS DECOMISADOS,CARTUCHOS DECOMISADOS,12:39,LAS HACIENDAS,HACIENDA LAS MERCEDES,HACIENDA LA TAPIA
522.0,CANINA,2022-03-06,ROBO A NEGOCIO,ROBO A NEGOCIO,12:39,LAS HACIENDAS,HACIENDA LAS MERCEDES,HACIENDA LA TAPIA
516.0,GOE,2022-03-04,INTENTO DE ROBO,INTENTO DE ROBO,15:35,PARAJES DE SAN ISIDRO,VOLCAN LA JOYA,PASEO DE SAN ISIDRO
301.0,POLICIA COMERCIAL,2022-01-04,HOMICIDIO C ARMA DE FUEGO,HOMICIDIO C ARMA DE FUEGO,14:56,ANAHUAC,TULA,MATACHI
514.0,SUR,2022-01-02,DET. ORDEN PENDIENTE,DET. ORDEN PENDIENTE,15:40,PARAJES DE ORIENTE,CUSTODIA DE LA REPUBLICA,PUERTO TARENTO
711.0,GOE,2022-01-02,DET. ORDEN PENDIENTE,DET. ORDEN PENDIENTE,18:30,PUERTO CASTILLA,PUERTO VALLARTA,PORTAL DEL MANZANO
304.0,POLICIA COMERCIAL,2022-01-05,LESIONES ARMA BLANCA,LESIONES C ARMA BLANCA,15:41,AZTECA,XOCHIMILCAS,CHAMULAS
517.0,SUR,2022-01-09,ARMAS DECOMISADAS,ARMAS DE FUEGO DECOM.,11:12,LOMAS DEL DESIERTO I,NARIHUA,DESIERTO DE TAKLAMANKAN
302.0,POLICIA COMERCIAL,2022-01-09,HOMICIDIO C ARMA DE FUEGO,HOMICIDIO C ARMA DE FUEGO,15:20,SANTA ROSA,BELGICA,SANTANDER
506.0,SUR,2022-01-10,DET. ORDEN PENDIENTE,DET. ORDEN PENDIENTE,02:25,EL FORTIN,LULU CREEL,ARBOL DE JOSUE
515.0,GOE,2022-01-04,DET. ORDEN PENDIENTE,DET. ORDEN PENDIENTE,19:20,OLIVIA ESPINOZA DE BERMUDEZ,MESA CENTRAL,SONETO 156
522.0,VALLE,2022-01-06,DET. ORDEN PENDIENTE,DET. ORDEN PENDIENTE,02:20,VALLE DE ALLENDE,VALLE DE SANTIAGO,JUAN JOSE ARREOLA
132.0,POLICIA COMERCIAL,2022-01-06,DET. ORDEN PENDIENTE,DET. ORDEN PENDIENTE,15:10,CHAVEÐA,MELCHOR MUZQUIZ,JUAN MEDINA
521.0,SUR,2022-01-08,DET. ORDEN PENDIENTE,DET. ORDEN PENDIENTE,02:00,PARAJES DEL SUR FRACCIONAMIENTO,MAR DEL SUR,PASEO DEL SUR
706.0,PONIENTE,2022-01-16,ROBO A NEGOCIO,ROBO A NEGOCIO,20:24,"PATRIA I, II, III",PUERTO CORTEZ,PUERTO DE PALOS
302.0,POLICIA COMERCIAL,2022-01-14,ARMAS DECOMISADAS,ARMAS DE FUEGO DECOM.,20:30,CONSTITUCION,CHECOSLOVAQUIA,RAMON ALCAZAR
515.0,UNEVID,2022-01-14,DET. ORDEN PENDIENTE,DET. ORDEN PENDIENTE,02:25,CARLOS CASTILLO PERAZA,DON MANUEL TALAMAS CAMANDARI,MESA CENTRAL
514.0,UNEVID,2022-01-18,VIOLACION,VIOLACION,05:20,PARAJES DE ORIENTE,DESIERTO DE KAU,DESIERTO DE BAJA CALIFORNIA
514.0,UNEVID,2022-01-18,VIOLACION,VIOLACION,05:20,PARAJES DE ORIENTE,DESIERTO DE KAU,DESIERTO DE BAJA CALIFORNIA
301.0,POLICIA COMERCIAL,2022-01-16,ROBO OTROS,ROBO DE ACCESORIOS A VEHICULO,14:51,SANTA ROSA,SANDERS,AYUNTAMIENTO
612.0,SUR,2022-01-09,ROBO A CASA HABITACION,ROBO A CASA HABITACION,17:05,VILLAS DEL VALLE,VALLE DE JUAREZ,MIGUEL HIDALGO
415.0,ORIENTE,2022-01-07,ASALTO ARMA DE FUEGO,ASALTO C ARMA DE PLASTICO,10:20,USOS MIXTOS,TECNOLOGICO,MISION SANTA ANA
301.0,POLICIA COMERCIAL,2022-01-07,ROBO A NEGOCIO,ROBO FARDERO,14:21,INDUSTRIAL,PERIMETRAL CARLOS AMAYA,AYUNTAMIENTO
515.0,SUR,2022-01-25,ARMAS DECOMISADAS,ARMAS DE FUEGO DECOM.,14:30,OLIVIA ESPINOZA DE BERMUDEZ,MESA CENTRAL,SONETO 156
515.0,SUR,2022-01-25,PRIVACION DE LA LIBERTAD,PRIVACION DE LA LIBERTAD,14:30,OLIVIA ESPINOZA DE BERMUDEZ,MESA CENTRAL,SONETO 156
201.0,CENTRO,2022-01-16,HOMICIDIO C ARMA DE FUEGO,HOMICIDIO C ARMA DE FUEGO,20:08,CENTRO,GENERAL RIVAS GUILLEN,DAVID ALFARO SIQUEIROS
519.0,SUR,2022-01-25,DET. ORDEN PENDIENTE,DET. ORDEN PENDIENTE,16:28,RINCONES DE SALVARCAR II,LAKORA,PERDIGUERO
706.0,GOE,2022-01-23,DET. ORDEN PENDIENTE,DET. ORDEN PENDIENTE,21:50,"PATRIA I, II, III",PUERTO DE PALOS,PUERTO PLATAS
210.0,CENTRO,2022-01-29,ARMAS DECOMISADAS,ARMAS DE FUEGO DECOM.,16:50,LOS PINOS,RIO NAZAS,RIO JUCAR
712.0,RIVERAS,2022-01-30,ROBO OTROS,ROBO OTROS,14:14,RIVERAS DEL BRAVO,GRIJALVA,SABALO
535.0,UNEVID,2022-01-28,DET. ORDEN PENDIENTE,DET. ORDEN PENDIENTE,02:25,VILLAS DE ALCALA,FUNDADORES,VILLA VELAYO
616.0,UNEVID,2022-01-30,DET. ORDEN PENDIENTE,DET. ORDEN PENDIENTE,16:00,SOLIDARIDAD,LA UNION HACE LA FUERZA,HUMBERTO ESCOBAR RODRIGUEZ
517.0,SUR,2022-01-31,ROBO A CASA HABITACION,ROBO A CASA HABITACION,15:58,URBIVILLA DEL CAMPO,CAMPOS DEL DESIERTO,CAMPOS DE LAS LOMAS
505.0,GOE,2022-01-23,ROBO A NEGOCIO,ROBO FARDERO,13:34,ZARAGOZA D. B.,INDEPENDENCIA,ZARAGOZA
103.0,POLICIA COMERCIAL,2022-06-13,LESIONES ARMA BLANCA,LESIONES C ARMA BLANCA,00:51,VISTAS DE ZARAGOZA,VISTAS DE YEPACHI PONIENTE,SAN ISIDRO
302.0,POLICIA COMERCIAL,2022-01-20,INTENTO DE ROBO,INTENTO DE ROBO,16:05,SAN ANTONIO,NORUEGA,SEVILLA
302.0,POLICIA COMERCIAL,2022-01-20,INTENTO DE ROBO,INTENTO DE ROBO,16:05,SAN ANTONIO,NORUEGA,SEVILLA
315.0,POLICIA COMERCIAL,2022-01-22,ROBO A NEGOCIO,ROBO FARDERO,14:27,CIUDAD MODERNA,ZARAGOZA,DE LAS TORRES
516.0,POLICIA COMERCIAL,2022-02-01,DET. ORDEN PENDIENTE,DET. ORDEN PENDIENTE,18:35,VALLE ORIENTE,DON MANUEL TALAMAS CAMANDARI,MONTES DEL CANTAL
522.0,SUR,2022-01-19,ASALTO ARMA DE FUEGO,ASALTO C ARMA DE FUEGO A TRANSEUNTES,21:20,VALLE DE ALLENDE,HACIENDA PONIENTE,LA HERRADURA
518.0,RIVERAS,2022-02-02,ROBO OTROS,ROBO OTROS,16:04,ORIENTE XXI ROMA,TASAJILLO,CARDON
530.0,UNEVID,2022-02-01,ROBO OTROS,ROBO OTROS,23:58,CERRADAS DEL SUR,CERRO BLANCO,CERRO CHIPINQUE
621.0,SUR,2022-01-14,ASALTO ARMA DE FUEGO,ASALTO C ARMA DE FUEGO,10:94,RODRIGUEZ BORUNDA,AÐO 1970,AÐO 1938
509.0,COM. ESPECIALES,2022-01-29,ROBO A NEGOCIO,ROBO FARDERO,15:20,BOSQUES DE SALVARCAR,SANTIAGO TRONCOSO,DURANGO
302.0,POLICIA COMERCIAL,2022-01-30,INTENTO DE ROBO,INTENTO DE ROBO,17:20,SAN ANTONIO,SUIZA,SANTANDER
514.0,GOE,2022-01-24,ROBO A CASA HABITACION,ROBO A CASA HABITACION,15:19,PARAJES DE ORIENTE,DUNAS DE ARABIA NORTE,DUNAS DE VICTORIA
514.0,GOE,2022-01-24,ROBO A CASA HABITACION,ROBO A CASA HABITACION,15:19,PARAJES DE ORIENTE,DUNAS DE ARABIA NORTE,DUNAS DE VICTORIA
516.0,GOE,2022-01-26,ABUSO SEXUAL,ABUSO SEXUAL,14:35,CERRADAS DE ORIENTE I,PROVINCIA AREJOS,PROVINCIA OSUNA
518.0,POLICIA COMERCIAL,2022-01-31,ROBO A NEGOCIO,ROBO FARDERO,12:03,URBIVILLA DEL CEDRO,DON MANUEL TALAMAS CAMANDARI,FUNDADORES
508.0,POLICIA COMERCIAL,2022-01-31,ROBO A NEGOCIO,ROBO FARDERO,18:02,PARQUE INDUSTRIAL PIMSA INTERMEX,SANTIAGO TRONCOSO,DE LAS TORRES
205.0,SUR,2022-02-06,VIOLACION,VIOLACION,02:15,ZONA PRONAF,ABRAHAM LINCOLN,HERMANOS ESCOBAR
623.0,ORIENTE,2022-02-05,ROBO OTROS,ROBO OTROS,03:30,SANTA MONICA,SAN BERNARDO,SANTA MONICA
707.0,UNEVID,2022-02-06,ROBO A NEGOCIO,ROBO A NEGOCIO,14:42,EL SAUZAL,JUAREZ A PORVENIR,LAZARO CARDENAS
523.0,UNEVID,2022-02-02,DET. ORDEN PENDIENTE,DET. ORDEN PENDIENTE,07:30,CERRADA DE SAN PEDRO,BASILICA DEL SALVADOR,BASILICA DE GUADALUPE
707.0,GOE,2022-02-01,DET. ORDEN PENDIENTE,DET. ORDEN PENDIENTE,14:38,TIERRA NUEVA I,PUERTO MARSELLA,PUERTO LISBOA
520.0,POLICIA COMERCIAL,2022-02-03,DET. ORDEN PENDIENTE,DET. ORDEN PENDIENTE,15:52,PRADERAS DEL SOL,PUERTA DEL SOL,VISTAS DEL SOL
514.0,GOE,2022-02-03,DET. ORDEN PENDIENTE,DET. ORDEN PENDIENTE,14:28,PARAJES DE ORIENTE,DESIERTO FLORIDO,ZARAGOZA
520.0,SUR,2022-02-05,DET. ORDEN PENDIENTE,DET. ORDEN PENDIENTE,17:00,PRADERAS DEL SOL,VISTA DEL SOL,SOL DEL CERRO
520.0,CANINA,2022-02-05,DET. ORDEN PENDIENTE,DET. ORDEN PENDIENTE,17:28,PRADERAS DEL SOL,SOL DE LA LOMA,VISTA DEL SOL
527.0,SUR,2022-02-08,PORTAR OBJETOS PELIG.,PORTAR OBJETOS PELIG.,17:39,MISIONES DE CREEL,BARRANCA DE URIQUE,QUINTA GAMEROS
521.0,POLICIA COMERCIAL,2022-02-01,ROBO A NEGOCIO,ROBO A TIENDAS DE CONVENIENCIA,22:45,PARAJES DEL SUR FRACCIONAMIENTO,PASEO DEL SUR,MAR AZUL
522.0,UNEVID,2022-02-20,ABUSO SEXUAL,ABUSO SEXUAL,23:32,LAS HACIENDAS,HACIENDA TIERRA BLANCA,HACIENDA SANTIAGO
615.0,VALLE,2022-02-04,ROBO A NEGOCIO,ROBO A TIENDAS DE CONVENIENCIA,21:45,PASEOS DEL ALBA,PASEO DE LAS PALOMAS,PASEO DE TORTOLAS
518.0,UNEVID,2022-02-18,DET. ORDEN PENDIENTE,DET. ORDEN PENDIENTE,09:52,URBIVILLA DEL CEDRO,MONTE TRIGO,PICO DE FATIMA
520.0,POLICIA COMERCIAL,2022-02-02,ROBO A NEGOCIO,ASALTO C ARMA BLANCA,13:05,PRADERAS DEL SOL,MEZQUITAL,VISTA DEL SOL
520.0,POLICIA COMERCIAL,2022-02-02,ROBO A NEGOCIO,ASALTO C ARMA BLANCA,13:05,PRADERAS DEL SOL,MEZQUITAL,VISTA DEL SOL
530.0,POLICIA COMERCIAL,2022-02-02,ROBO A NEGOCIO,ROBO A TIENDAS DE CONVENIENCIA,14:15,PARAJES DEL SUR FRACCIONAMIENTO,TIERRA DE FUEGO,MAR DEL SUR
508.0,POLICIA COMERCIAL,2022-02-03,ROBO A NEGOCIO,ROBO A NEGOCIO,10:02,PARQUE INDUSTRIAL PIMSA INTERMEX,DE LAS TORRES,SANTIAGO TRONCOSO
525.0,SUR,2022-02-18,HOMICIDIO C ARMA DE FUEGO,HOMICIDIO C ARMA DE FUEGO,15:48,SENDEROS DEL SOL,FUNDADORES DE AMERICA,SENDEROS DE MATAMOROS
521.0,SUR,2022-02-19,PRIVACION DE LA LIBERTAD,PRIVACION DE LA LIBERTAD,20:30,PARAJES DEL SUR FRACCIONAMIENTO,RIO FRIO,CAMPO GRANDE
521.0,CANINA,2022-02-19,ARMAS DECOMISADAS,ARMAS DE FUEGO DECOM.,20:30,PARAJES DEL SUR FRACCIONAMIENTO,RIO FRIO,CAMPO GRANDE
711.0,GOE,2022-02-17,DET. ORDEN PENDIENTE,DET. ORDEN PENDIENTE,13:28,PUERTO CASTILLA,PORTAL DEL NARANJO,PUERTO DUNQUERQUE
504.0,VALLE,2022-02-25,ARMAS DECOMISADAS,ARMAS DE FUEGO DECOM.,15:10,LUCIO CABAÐAS,FRANCISCO VILLARREAL TORRES,CAMINO VIEJO A SAN JOSE
523.0,UNEVID,2022-02-27,ROBO OTROS,ROBO A TRANSEUNTES,01:48,PORTAL DEL ROBLE,PLAZA DE LA CARIDAD,PASEO DEL SUR
707.0,GOE,2022-02-28,ARMAS DECOMISADAS,ARMAS DE FUEGO DECOM.,14:25,PORTAL DEL ROBLE,PUERTO DUNQUERQUE,PORTAL DEL CEREZO
707.0,GOE,2022-02-28,ARMAS DECOMISADAS,ARMAS DE FUEGO DECOM.,14:25,PORTAL DEL ROBLE,PUERTO DUNQUERQUE,PORTAL DEL CEREZO
412.0,ORIENTE,2022-05-03,ROBO A NEGOCIO,ROBO A NEGOCIO,21:29,CANTO DE CANTANIA,SAN BERNARDO,ROBERTO GAVALDON
308.0,SUR,2022-05-04,DET. ORDEN PENDIENTE,DET. ORDEN PENDIENTE,16:30,PANFILO NATERA,JEREZ,PRIVADA PUMICITA
308.0,SUR,2022-05-04,DET. ORDEN PENDIENTE,DET. ORDEN PENDIENTE,16:30,PANFILO NATERA,JEREZ,PRIVADA PUMICITA
215.0,ORIENTE,2022-05-06,HOMICIDIO C ARMA DE FUEGO,HOMICIDIO C ARMA DE FUEGO,17:37,LOS OLMOS TEC,TECNOLOGICO,SIMONA BARBA
524.0,UNEVID,2022-05-04,DET. ORDEN PENDIENTE,DET. ORDEN PENDIENTE,08:17,URBIVILLA DEL PRADO,PRADO FLORIDO,PRADOS DE LA AÐORANZA
520.0,UNEVID,2022-05-05,DET. ORDEN PENDIENTE,DET. ORDEN PENDIENTE,17:57,EL MEZQUITAL,AGAVE,MEZQUITE BLANCO
617.0,GOE,2022-05-07,DET. ORDEN PENDIENTE,DET. ORDEN PENDIENTE,17:50,SOLIDARIDAD,PROFESOR FERNANDO PACHECO PARRA,TORONJA ROJA
522.0,UNEVID,2022-05-09,DET. ORDEN PENDIENTE,DET. ORDEN PENDIENTE,07:10,LAS HACIENDAS,HACIENDA LAS MERCEDES,HACIENDA CENTRAL
528.0,UNEVID,2022-05-13,ROBO A CASA HABITACION,ROBO A CASA HABITACION,13:07,SIERRA VISTA,HACIENDA DE ARVIZU,HACIENDA DE GRAJEDA
513.0,SUR,2022-05-14,LESIONES ARMA BLANCA,LESIONES C ARMA BLANCA,16:28,FRAY GARCIA DE SAN FRANCISCO,FELIPE GUELE,22 DE ENERO
315.0,SUR,2022-05-14,ARMAS DECOMISADAS,ARMAS DE FUEGO DECOM.,19:12,GRANJAS UNIDAS,INDIO SUMAS,INDIO JERONIMO
512.0,CENTRO,2022-05-17,PRIVACION DE LA LIBERTAD,PRIVACION DE LA LIBERTAD,01:30,PARQUE INDUSTRIAL SALVACAR,SANTIAGO TRONCOSO,INDEPENDENCIA
525.0,GOE,2022-05-19,ARMAS DECOMISADAS,ARMAS DE FUEGO DECOM.,16:25,VALLE FUNDADORES,ANDRES CASTRO AZCARATE,JUAN SEDEÐO
405.0,POLICIA COMERCIAL,2022-05-20,HOMICIDIO C ARMA DE FUEGO,HOMICIDIO C ARMA DE FUEGO,11:42,RINCONES DE SAN MARCOS,MANUEL GOMEZ MORIN,PUENTE DE ALVARADO
501.0,VALLE,2022-05-23,ARMAS DECOMISADAS,ARMAS DE FUEGO DECOM.,01:30,JARDINES DEL BOSQUE,BOSQUE DEL MANZANO,PASEO DE LA VICTORIA
525.0,UNEVID,2022-05-22,DET. ORDEN PENDIENTE,DET. ORDEN PENDIENTE,13:00,SENDEROS DE SAN ISIDRO,LEONARDO SOLIS BARRAZA,FEDERICO DE LA VEGA
628.0,POLICIA COMERCIAL,2022-07-21,ARMAS DECOMISADAS,ARMAS DE FUEGO DECOM.,23:10,KILOMETRO 29,SIERRA DE JALPAN,SIERRA DE TLAHUALILO
522.0,UNEVID,2022-07-23,ROBO A CASA HABITACION,ROBO A CASA HABITACION,10:32,LAS HACIENDAS,HACIENDA PONIENTE,HACIENDA LA CONCEPCION
525.0,SUR,2022-07-24,DET. ORDEN PENDIENTE,DET. ORDEN PENDIENTE,20:25,LAS HACIENDAS,HACIENDA LA TAPIA,HACIENDA CENTRAL
609.0,POLICIA COMERCIAL,2022-07-23,DET. ORDEN PENDIENTE,DET. ORDEN PENDIENTE,01:20,AEROPUERTO,GROSELLA,FRIJOL
204.0,POLICIA COMERCIAL,2022-07-19,CARTUCHOS DECOMISADOS,CARTUCHOS DECOMISADOS,19:00,MARGARITAS,TLAXCALA,CADETES DEL 47
213.0,POLICIA COMERCIAL,2022-07-21,DET. ORDEN PENDIENTE,DET. ORDEN PENDIENTE,01:20,REFORMA,OSCAR FLORES SANCHEZ,JUAN ESCUTIA
414.0,POLICIA COMERCIAL,2022-07-05,ROBO A NEGOCIO,ROBO FARDERO,20:20,USOS MIXTOS,TEOFILO BORUNDA,PASEO DE LA VICTORIA
216.0,CENTRO,2022-07-10,HOMICIDIO C ARMA DE FUEGO,HOMICIDIO C ARMA DE FUEGO,12:00,ARECCO,GENOVA,VENECIA
526.0,UNEVID,2022-07-16,ABUSO SEXUAL,ABUSO SEXUAL,02:32,PARAJES DE SAN JOSE,COSTA FUERTEVENTURA,CRISTINA LEON
518.0,GOE,2022-07-19,DET. ORDEN PENDIENTE,DET. ORDEN PENDIENTE,20:30,URBI VILLA DEL CEDRO,DON MANUEL TALAMAS CAMANDARI,MONTE BLANCO
202.0,POLICIA COMERCIAL,2022-07-18,DET. ORDEN PENDIENTE,DET. ORDEN PENDIENTE,22:06,HIDALGO,TLAXCALA,DAMIAN CARMONA
220.0,POLICIA COMERCIAL,2022-07-17,DET. ORDEN PENDIENTE,DET. ORDEN PENDIENTE,18:00,INFONAVIT CASAS GRANDES,CARLOS DICKENS,ROMULO GALLEGOS
220.0,POLICIA COMERCIAL,2022-07-15,DET. ORDEN PENDIENTE,DET. ORDEN PENDIENTE,19:22,DEL MARQUEZ,GOLONDRINAS,CARDENAL
505.0,GOE,2022-07-14,ROBO A NEGOCIO,ROBO FARDERO,17:49,ZARAGOZA D. B.,INDEPENDENCIA,HENEQUEN
505.0,POLICIA COMERCIAL,2022-07-01,ROBO OTROS,ROBO A TRANSEUNTES,14:30,ZARAGOZA D. B.,ZARAGOZA,INDEPENDENCIA
521.0,UNEVID,2022-07-21,DET. ORDEN PENDIENTE,DET. ORDEN PENDIENTE,00:03,PARAJES DEL SUR FRACCIONAMIENTO,MAR AZUL,BARRANCAS
618.0,VALLE,2022-07-01,PORTAR OBJETOS PELIG.,PORTAR OBJETOS PELIG.,18:36,VALLE DEL SOL,VALLE DEL CLAVEL,VALLE DE LAS MARGARITAS
613.0,POLICIA COMERCIAL,2022-07-03,ROBO A NEGOCIO,ROBO FARDERO,09:51,PARQUE INDUSTRIAL ZARAGOZA,ZARAGOZA,OSCAR FLORES SANCHEZ
503.0,POLICIA COMERCIAL,2022-07-22,DET. ORDEN PENDIENTE,DET. ORDEN PENDIENTE,02:28,BUENOS AIRES,ZARAGOZA,RAMON AGUAYO
606.0,POLICIA COMERCIAL,2022-07-22,DET. ORDEN PENDIENTE,DET. ORDEN PENDIENTE,03:30,INFONAVIT AMPLIACION AEROPUERTO,MANUEL JESUS CLOUTHIER,GROSELLA
521.0,CANINA,2022-07-20,DET. ORDEN PENDIENTE,DET. ORDEN PENDIENTE,20:30,PARAJES DEL SUR FRACCIONAMIENTO,TIERRA DE FUEGO,NEIVA
517.0,UNEVID,2022-07-24,LESIONES OTROS,LESIONES OTROS,23:04,PARAJES DE SAN JUAN,MONTE DE LOS OLIVOS,PASEO DE ORIENTE
628.0,POLICIA COMERCIAL,2022-07-25,DET. ORDEN PENDIENTE,DET. ORDEN PENDIENTE,16:34,KILOMETRO 28,SIERRA TAPALPA,SIERRA DE CHAMAL
522.0,CANINA,2022-07-26,DET. ORDEN PENDIENTE,DET. ORDEN PENDIENTE,20:30,LAS HACIENDAS,HACIENDA PONIENTE,HACIENDA LA CONCEPCION
209.0,POLICIA COMERCIAL,2022-03-07,HOMICIDIO C OTROS OBJETOS,HOMICIDIOS CAUSAS A DETERMINAR,13:50,PARTIDO ESCOBEDO,IGNACIO DE LA PEÐA,FERNANDO MONTES DE OCA
522.0,SUR,2022-03-07,DET. ORDEN PENDIENTE,DET. ORDEN PENDIENTE,16:35,LAS HACIENDAS,HACIENDA ORIENTE,HACIENDA LAS MERCEDES
625.0,SUR,2022-03-07,ROBO A NEGOCIO,ROBO FARDERO,17:40,VILLA RESIDENCIAL DEL REAL,CAÐON DE URIQUE,CAÐON CEROCAHUI
606.0,POLICIA COMERCIAL,2022-03-07,ROBO A NEGOCIO,ROBO A TIENDAS DE CONVENIENCIA,17:27,ERENDIRA,MANUEL JESUS CLOUTHIER,IXTAZIHUATL
521.0,POLICIA COMERCIAL,2022-03-08,ROBO A NEGOCIO,ROBO A TIENDAS DE CONVENIENCIA,17:05,PARAJES DEL SUR FRACCIONAMIENTO,MAR DEL SUR,DON MANUEL TALAMAS CAMANDARI
501.0,POLICIA COMERCIAL,2022-03-08,ROBO A NEGOCIO,ROBO FARDERO,19:55,CENTRO DE DISTRITO,DE LAS TORRES,ZARAGOZA
520.0,POLICIA COMERCIAL,2022-03-09,ROBO A NEGOCIO,ROBO A NEGOCIO,19:02,EL MEZQUITAL,MEZQUITAL,ACANTO
520.0,POLICIA COMERCIAL,2022-03-11,ROBO A NEGOCIO,ROBO FARDERO,08:56,PRADERAS DEL SOL,VISTAS DE DELICIAS SUR,MEZQUITAL
623.0,POLICIA COMERCIAL,2022-03-12,ROBO A NEGOCIO,ROBO FARDERO,15:02,ROMA,DE LAS TORRES,SANTIAGO TRONCOSO
523.0,POLICIA COMERCIAL,2022-03-16,ROBO A NEGOCIO,ROBO A NEGOCIO,21:42,PARQUE INDUSTRIAL INDEPENDENCIA,MIGUEL DE LA MADRID,ARTEMIO DE LA VEGA BERDAYEZ
506.0,UNEVID,2022-03-20,VIOLACION,VIOLACION,19:25,ECO 2000,OSO POLAR,TORTUGA NORTE
712.0,GOE,2022-03-07,ARMAS DECOMISADAS,ARMAS DE FUEGO DECOM.,22:50,RIVERAS DEL BRAVO,RIVERA DEL DUERO,RIVERA DEL MAPLE
522.0,SUR,2022-03-13,ARMAS DECOMISADAS,ARMAS DE FUEGO DECOM.,17:35,LAS HACIENDAS,HACIENDA PONIENTE,HACIENDA SANTA ROSALIA
511.0,GOE,2022-03-10,DET. ORDEN PENDIENTE,DET. ORDEN PENDIENTE,16:15,HORIZONTES DEL SUR,FRANCISCO GONZALEZ BOCANEGRA,DOMINGO GARCIA RAMOS
510.0,GOE,2022-03-10,DET. ORDEN PENDIENTE,DET. ORDEN PENDIENTE,17:55,MISIONES DE CREEL,PASEO DE LOS COMPOSITORES,FRANCISCO GONZALEZ BOCANEGRA
609.0,POLICIA COMERCIAL,2022-03-15,ROBO A CASA HABITACION,ROBO A CASA HABITACION,22:25,GRANJERO,CEBADA,GROSELLA
414.0,POLICIA COMERCIAL,2022-03-16,ROBO A NEGOCIO,ROBO FARDERO,10:42,USOS MIXTOS,PASEO DE LA VICTORIA,TEOFILO BORUNDA
520.0,SUR,2022-03-14,ROBO A CASA HABITACION,ROBO A CASA HABITACION,14:45,PRADERAS DEL SOL,SOL DEL LIRIO,SOL DE RIO
604.0,POLICIA COMERCIAL,2022-03-20,LESIONES ARMA DE FUEGO,LESIONES C ARMA DE FUEGO,17:30,INFONAVIT ANGELTRIAS,LECHUGUILLA,MANUEL JESUS CLOUTHIER
522.0,SUR,2022-03-21,ROBO A CASA HABITACION,ROBO A CASA HABITACION,12:00,VALLE DE ALLENDE,BLAS CANO,VALLE DE SAN BARTOLOME
522.0,SUR,2022-03-18,ROBO A CASA HABITACION,ROBO A CASA HABITACION,10:40,VALLE DE ALLENDE,GUILLERMO MAYNEZ,LA HERRADURA
519.0,SUR,2022-03-20,PORTAR OBJETOS PELIG.,PORTAR OBJETOS PELIG.,10:40,RINCONES DE SALVARCAR II,PEÐA PRIETA,TOLOGORRI
618.0,POLICIA COMERCIAL,2022-03-20,ROBO OTROS,ROBO A TRANSEUNTES,14:11,TORRES DEL PRI,DE LAS TORRES,JOSE REYES ESTRADA
612.0,POLICIA COMERCIAL,2022-03-20,ROBO A NEGOCIO,ROBO FARDERO,15:49,SERVICIOS GENERALES,MANUEL JESUS CLOUTHIER,JOSE MATEOS TORRES
608.0,POLICIA COMERCIAL,2022-03-20,ROBO A NEGOCIO,ROBO A NEGOCIO,11:03,AMPLIACION AEROPUERTO,TERCERA,PRIMERA
612.0,POLICIA COMERCIAL,2022-03-19,ROBO A NEGOCIO,ROBO A NEGOCIO,07:45,INF. AMPLIACION AEROPUERTO V,COPAIBA,MANUEL JESUS CLOUTHIER
405.0,POLICIA COMERCIAL,2022-03-18,ROBO A NEGOCIO,ROBO A TIENDAS DE CONVENIENCIA,18:50,FUENTES DEL VALLE,MANUEL GOMEZ MORIN,DEL ESTANQUE
520.0,POLICIA COMERCIAL,2022-03-18,ROBO A CASA HABITACION,ROBO A CASA HABITACION,17:06,PRADERAS DEL SOL,SOL DE LAS ACEQUIAS,SOL DE ACEQUIA
524.0,VALLE,2022-03-18,ROBO A CASA HABITACION,ROBO A CASA HABITACION,09:47,PRADERAS DEL ORIENTE,PRADERA DEL ORIENTE,PRADERA DEL SOL
518.0,GOE,2022-03-23,DET. ORDEN PENDIENTE,DET. ORDEN PENDIENTE,22:14,URBIVILLA BONITA,MONTE BLANCO,FUNDADORES
514.0,GOE,2022-03-21,DET. ORDEN PENDIENTE,DET. ORDEN PENDIENTE,16:52,PARAJES DE ORIENTE,DUNAS DE IRAN,DESIERTO DE KAVIR
508.0,GOE,2022-03-23,HOMICIDIO C ARMA DE FUEGO,HOMICIDIO C ARMA DE FUEGO,19:28,CENTRO DE DISTRITO,RAMON RAYON,DURANGO
523.0,GOE,2022-03-22,ROBO A NEGOCIO,ROBO FARDERO,15:20,LA ENRAMADA,HOJA DE TRUENO,HOJA DE ALMENDRO
521.0,POLICIA COMERCIAL,2022-03-23,ROBO A NEGOCIO,ROBO FARDERO,14:22,PARAJES DEL SUR FRACCIONAMIENTO,INDEPENDENCIA,DON MANUEL TALAMAS CAMANDARI
415.0,POLICIA COMERCIAL,2022-03-23,ROBO A NEGOCIO,ROBO FARDERO,09:50,USOS MIXTOS,MANUEL GOMEZ MORIN,CAMINO ESCUDERO
419.0,OPERATIVO BLOCK,2022-07-27,VIOLACION,VIOLACION,08:37,JARDINES DEL VALLE,PEDERNAL,LUZ CORRAL
510.0,RIVERAS,2022-07-31,HOMICIDIO C ARMA DE FUEGO,HOMICIDIO C ARMA DE FUEGO,15:20,MISIONES DEL REAL,SAN RAMON,SANTA CRUZ
524.0,GOE,2022-07-28,ARMAS DECOMISADAS,ARMAS DE FUEGO DECOM.,17:40,FLORENCIA,LEONARDO SOLIS BARRAZA,MONTES DE TOLEDO
621.0,UNEVID,2022-07-28,LESIONES ARMA BLANCA,LESIONES C ARMA BLANCA,02:24,LOTE BRAVO RODRIGUEZ BORUNDA,ENRIQUE PINOCELLI,AÑO 1823
524.0,UNEVID,2022-07-29,DET. ORDEN PENDIENTE,DET. ORDEN PENDIENTE,03:06,SENDEROS DE SAN ISIDRO,SENDEROS DE PAMPLONA,FUNDADORES DE AMERICA
515.0,UNEVID,2022-07-28,DET. ORDEN PENDIENTE,DET. ORDEN PENDIENTE,16:38,CARLOS CASTILLO PERAZA,MARIA TERESA ROJAS,RICARDO MONTOYA MARTINEZ
524.0,GOE,2022-07-31,DET. ORDEN PENDIENTE,DET. ORDEN PENDIENTE,22:00,SENDEROS DE SAN ISIDRO,SENDEROS DEL CAMPO,SENDEROS DE LOS JACINTOS
514.0,GOE,2022-07-30,DET. ORDEN PENDIENTE,DET. ORDEN PENDIENTE,19:46,MANUEL J. CLOUTHIER,RIO DEL NORTE,8 DE DICIEMBRE
625.0,POLICIA COMERCIAL,2022-07-29,DET. ORDEN PENDIENTE,DET. ORDEN PENDIENTE,20:26,PALMAS DEL SOL (VICTORIA),UNIDAD,NACIONES UNIDAS
622.0,POLICIA COMERCIAL,2022-07-28,DET. ORDEN PENDIENTE,DET. ORDEN PENDIENTE,01:47,PARAJES DEL SOL,DIEGO VELAZQUEZ,ANDREA MANTEGNA
517.0,UNEVID,2022-08-01,ABUSO SEXUAL,ABUSO SEXUAL,22:52,PARAJES DE SAN JUAN,MONTE LOGAN,MONTE SANTA CATALINA
212.0,POLICIA COMERCIAL,2022-08-04,DET. ORDEN PENDIENTE,DET. ORDEN PENDIENTE,18:35,MELCHOR OCAMPO,CHIHUAHUA,JUVENTINO ROSAS
205.0,POLICIA COMERCIAL,2022-08-03,DET. ORDEN PENDIENTE,DET. ORDEN PENDIENTE,19:05,CORDOVA AMERICAS,RIO CHAMPOTON,RIO PAPIGOCHI
526.0,UNEVID,2022-08-03,DET. ORDEN PENDIENTE,DET. ORDEN PENDIENTE,08:03,PARAJES DE SAN JUAN,COSTA DE CENTLA,COSTA BLANCA
527.0,GOE,2022-08-04,ARMAS DECOMISADAS,ARMAS DE FUEGO DECOM.,18:04,JARDINES DE ROMA,JARDINES DE PALERMO,PUERTA DEL SOL
631.0,RIVERAS,2022-08-04,ROBO OTROS,ROBO OTROS,17:00,GRANJAS POLO GAMBOA,TAPACHULA,TAMPICO
520.0,SUR,2022-08-01,ROBO OTROS,ROBO OTROS,19:00,PRADERAS DEL SOL,PUERTA DEL SOL,VISTAS DEL SOL
220.0,POLICIA COMERCIAL,2022-08-01,ARMAS DECOMISADAS,ARMAS DE FUEGO DECOM.,19:15,INFONAVIT CASAS GRANDES,CARLOS PELLICER,DE LA BUROCRACIA
208.0,POLICIA COMERCIAL,2022-08-08,ARMAS DECOMISADAS,ARMAS DE FUEGO DECOM.,18:05,EL BARREAL,INSURGENTES,BOLIVIA
412.0,ORIENTE,2022-08-05,HOMICIDIO C ARMA DE FUEGO,HOMICIDIO C ARMA DE FUEGO,02:15,CERRADA TURQUESA,DEL SOL,TURQUESA
403.0,UNEVID,2022-08-06,ABUSO SEXUAL,ABUSO SEXUAL,12:54,LOS CEDROS,OLMO,LOS ALMENDROS
524.0,UNEVID,2022-08-04,DET. ORDEN PENDIENTE,DET. ORDEN PENDIENTE,17:24,URBIVILLA DEL PRADO,PRADOS DE LAS FLORES,PRADOS DEL PORVENIR
504.0,GOE,2022-08-03,DET. ORDEN PENDIENTE,DET. ORDEN PENDIENTE,00:20,ZARAGOZA D. B.,RAMON RAYON,RAMON CORONA
220.0,POLICIA COMERCIAL,2022-08-05,DET. ORDEN PENDIENTE,DET. ORDEN PENDIENTE,14:38,INFONAVIT CASAS GRANDES,VICENTE BLASCO IBAÐEZ,GERARDO DIEGO
522.0,UNEVID,2022-08-08,DET. ORDEN PENDIENTE,DET. ORDEN PENDIENTE,16:50,VALLE DE ALLENDE,HACIENDA PONIENTE,SIERRA DEL CARMEN
202.0,POLICIA COMERCIAL,2022-08-09,DET. ORDEN PENDIENTE,DET. ORDEN PENDIENTE,15:15,CENTRO,LERDO,IGNACIO ALATORRE
622.0,SUR,2022-08-08,ROBO A CASA HABITACION,ROBO A CASA HABITACION,14:07,LAS HACIENDAS,HACIENDA CENTRAL,HACIENDA LA CONCEPCION
526.0,UNEVID,2022-08-11,DET. ORDEN PENDIENTE,DET. ORDEN PENDIENTE,10:21,SENDEROS DE SAN ISIDRO,SENDEROS DEL MONTE,FEDERICO DE LA VEGA
522.0,SUR,2022-08-10,HOMICIDIO C OTROS OBJETOS,HOMICIDIOS CAUSAS A DETERMINAR,15:00,LAS HACIENDAS,HACIENDA TIERRA BLANCA,HACIENDA CENTRAL
633.0,GOE,2022-08-10,DET. ORDEN PENDIENTE,DET. ORDEN PENDIENTE,03:25,TERRANOVA,DE LAS TORRES,LEONARDO SOLIS BARRAZA
208.0,POLICIA COMERCIAL,2022-08-12,DET. ORDEN PENDIENTE,DET. ORDEN PENDIENTE,21:15,FOVISSTE CHAMIZAL,RIO POTOMAC,PROFESOR ABRAHAM SALAZAR VAZQUEZ
520.0,GOE,2022-08-09,ROBO A NEGOCIO,ROBO A TIENDAS DE CONVENIENCIA,23:30,PRADERAS DEL SOL,DE LAS TORRES,LEONARDO SOLIS BARRAZA
503.0,GOE,2022-03-24,ARMAS DECOMISADAS,ARMAS DE FUEGO DECOM.,21:00,TERRENOS NACIONALES,EJIDO LA QUEMADA,BENJAMIN ARGUMEDO
502.0,UNEVID,2022-03-26,ROBO A CASA HABITACION,ROBO A CASA HABITACION,14:42,SALVARCAR,PUEBLA,MARIANO JIMENEZ
521.0,POLICIA COMERCIAL,2022-03-26,ROBO A NEGOCIO,ROBO FARDERO,15:52,USOS MIXTOS,DON MANUEL TALAMAS CAMANDARI,INDEPENDENCIA
515.0,SUR,2022-03-28,ROBO OTROS,ROBO A REPARTIDOR,14:22,OLIVIA ESPINOZA DE BERMUDEZ,OLIVIA ESPINOZA DE BERMUDEZ,GUILLERMINA VALDEZ VILLALBA
604.0,POLICIA COMERCIAL,2022-03-28,ROBO A CASA HABITACION,ROBO A CASA HABITACION,16:45,AMPLIACION AEROPUERTO,MAMEY,MANUEL JESUS CLOUTHIER
522.0,SUR,2022-03-29,DET. ORDEN PENDIENTE,DET. ORDEN PENDIENTE,16:00,VALLE DE ALLENDE,ELIO ARANDA,LA HERRADURA
522.0,SUR,2022-03-29,HOMICIDIO C ARMA DE FUEGO,HOMICIDIO C ARMA DE FUEGO,19:54,LAS HACIENDAS,HACIENDA BATOPILAS,HACIENDA LA TAPIA
522.0,SUR,2022-03-29,LESIONES ARMA DE FUEGO,HOMICIDIO C ARMA DE FUEGO,19:54,LAS HACIENDAS,HACIENDA BATOPILAS,HACIENDA LA TAPIA
522.0,SUR,2022-03-29,DET. ORDEN PENDIENTE,DET. ORDEN PENDIENTE,16:00,VALLE DE ALLENDE,ELIO ARANDA,LA HERRADURA
525.0,SUR,2022-03-29,ROBO A CASA HABITACION,ROBO A CASA HABITACION,11:45,VILLAS DE ALCALA,VILLA ALEMANA,VILLAS DE ALCALA
514.0,UNEVID,2022-03-28,DET. ORDEN PENDIENTE,DET. ORDEN PENDIENTE,08:20,PARAJES DE ORIENTE,ZARAGOZA,SANTIAGO TRONCOSO
633.0,GOE,2022-03-28,ARMAS DECOMISADAS,ARMAS DE FUEGO DECOM.,13:32,VALLE DE ALLENDE,MARQUES DE ASTORGA,MARQUES DE ANTARES
633.0,GOE,2022-03-28,TENTATIVA DE HOMICIDIO,TENTATIVA DE HOMICIDIO,13:32,VALLE DE ALLENDE,MARQUES DE ASTORGA,MARQUES DE ANTARES
618.0,GOE,2022-03-28,TENTATIVA DE HOMICIDIO,TENTATIVA DE HOMICIDIO,20:25,TORRES DEL PRI,RENE MASCAREÐAS MIRANDA,ESTRELLA ALAMAC
612.0,POLICIA COMERCIAL,2022-03-30,ROBO A NEGOCIO,ROBO FARDERO,13:04,USOS MIXTOS,HIEDRA,MANUEL JESUS CLOUTHIER
522.0,POLICIA COMERCIAL,2022-04-03,PRIVACION DE LA LIBERTAD,PRIVACION DE LA LIBERTAD,09:15,LAS HACIENDAS,HACIENDA PONIENTE,HACIENDA LAS CRUCES
526.0,UNEVID,2022-04-01,VIOLACION,VIOLACION,19:00,PARAJES DE SAN JOSE,COSTA LA GOMERA,FUNDADORES
516.0,UNEVID,2022-04-02,DET. ORDEN PENDIENTE,DET. ORDEN PENDIENTE,10:20,PARAJES DE SAN ISIDRO,SONETO 156,VOLCAN VILLARICA
521.0,POLICIA COMERCIAL,2022-04-04,ROBO A CASA HABITACION,ROBO A CASA HABITACION,11:38,PARAJES DEL SUR FRACCIONAMIENTO,PORTOVIEJO,NEIVA
410.0,POLICIA COMERCIAL,2022-04-05,ROBO A NEGOCIO,ROBO A NEGOCIO,16:29,PARQUE INDUSTRIAL ANTONIO J. BERMUDEZ,ANTONIO JAIME BERMUDEZ,TOMAS FERNANDEZ
521.0,POLICIA COMERCIAL,2022-04-06,DET. ORDEN PENDIENTE,DET. ORDEN PENDIENTE,14:35,PARAJES DEL SUR FRACCIONAMIENTO,TIERRA DE FUEGO,MAR DEL SUR
101.0,SUR,2022-04-06,DET. ORDEN PENDIENTE,DET. ORDEN PENDIENTE,16:00,16 DE SEPTIEMBRE,ISLA TIBURON,ISLA KURILES
512.0,UNEVID,2022-04-07,ABUSO SEXUAL,ABUSO SEXUAL,22:15,HORIZONTES DEL SUR,ARQUITECTO ALVAR AALTO,NAVAJO
609.0,POLICIA COMERCIAL,2022-04-07,ROBO A NEGOCIO,ROBO A TIENDAS DE CONVENIENCIA,13:55,AEROPUERTO,CENTENO,TAMAULIPAS
521.0,POLICIA COMERCIAL,2022-04-08,ROBO A NEGOCIO,ROBO A NEGOCIO,12:34,PARAJES DEL SUR FRACCIONAMIENTO,DON MANUEL TALAMAS CAMANDARI,MAR AZUL
521.0,POLICIA COMERCIAL,2022-04-10,ROBO A NEGOCIO,ROBO FARDERO,19:35,PARAJES DEL SUR FRACCIONAMIENTO,PASEO DEL SUR,MAR DEL SUR
410.0,POLICIA COMERCIAL,2022-04-11,DET. ORDEN PENDIENTE,DET. ORDEN PENDIENTE,18:50,PARQUE INDUSTRIAL ANTONIO J. BERMUDEZ,TOMAS FERNANDEZ,ANTONIO JAIME BERMUDEZ
521.0,POLICIA COMERCIAL,2022-04-12,INTENTO DE ROBO,INTENTO DE ROBO,12:56,PARAJES DEL SUR FRACCIONAMIENTO,BRASILIA,CAMPO GRANDE
709.0,UNEVID,2022-04-10,ABUSO SEXUAL,ABUSO SEXUAL,22:59,LAS MONTAÐAS,MONTAÐA FRANKLIN,BAHIA DE KINO
503.0,GOE,2022-04-17,ARMAS DECOMISADAS,ARMAS DE FUEGO DECOM.,11:30,ZARAGOZA D. B.,IGNACIO ALLENDE,PLAN DE AYALA
518.0,GOE,2022-04-13,PORTAR OBJETOS PELIG.,PORTAR OBJETOS PELIG.,23:53,URBI VILLA DEL CEDRO,CEDROS DEL ESTERO,MONTE BLANCO
625.0,SUR,2022-04-14,ROBO A NEGOCIO,ROBO A TIENDAS DE CONVENIENCIA,14:44,VILLA RESIDENCIAL DEL REAL,CAÐON DE URIQUE,CAÐON DE URIQUE
514.0,UNEVID,2022-04-18,DET. ORDEN PENDIENTE,DET. ORDEN PENDIENTE,06:59,PARAJES DE ORIENTE,DESIERTO DE KAVIR,DESIERTO DE EGIPTO
710.0,UNEVID,2022-04-18,INTENTO DE ROBO,INTENTO DE ROBO,17:00,PORTAL DEL ROBLE,PORTAL DEL CENIZO,PUERTO DUNQUERQUE
209.0,SUR,2022-04-20,DET. ORDEN PENDIENTE,DET. ORDEN PENDIENTE,18:15,U. H. BENITO JUAREZ,EJERCITO NACIONAL,CAMINO VIEJO A SAN JOSE
502.0,POLICIA COMERCIAL,2022-04-18,ROBO A NEGOCIO,ROBO FARDERO,21:30,USOS MIXTOS,MANUEL GOMEZ MORIN,MANUEL JESUS CLOUTHIER
524.0,POLICIA COMERCIAL,2022-04-14,DET. ORDEN PENDIENTE,DET. ORDEN PENDIENTE,14:50,SENDEROS DE SAN ISIDRO,SENDEROS DE PALENCIA,FUNDADORES DE AMERICA
527.0,GOE,2022-04-14,PORTAR OBJETOS PELIG.,PORTAR OBJETOS PELIG.,14:38,JARDINES DE ROMA,PARQUE FORLANINI,PUERTA DEL SOL
522.0,POLICIA COMERCIAL,2022-04-13,ROBO A CASA HABITACION,ROBO A CASA HABITACION,09:30,VALLE DE ALLENDE,SIERRA DEL CARMEN,DIONICIO HERNANDEZ
521.0,POLICIA COMERCIAL,2022-04-16,ROBO A NEGOCIO,ROBO FARDERO,14:27,PARAJES DEL SUR FRACCIONAMIENTO,INDEPENDENCIA,PASEO DEL SUR
520.0,POLICIA COMERCIAL,2022-04-21,DET. ORDEN PENDIENTE,DET. ORDEN PENDIENTE,09:00,PARAJES DE SAN JOSE,COSTA DE MEXICO,COSTA MALLORCA
403.0,UNEVID,2022-04-23,PRIVACION DE LA LIBERTAD,PRIVACION DE LA LIBERTAD,07:02,SAN FERNANDO,CALZADA DEL RIO,CERRADA SAN FERNANDO
628.0,VALLE,2022-04-24,ROBO OTROS,ROBO DE ACCESORIOS A VEHICULO,17:50,VILLA ESPERANZA,DEL FUTURO,ESTACION MENDEZ
308.0,SUR,2022-04-25,DET. ORDEN PENDIENTE,DET. ORDEN PENDIENTE,18:20,MORELOS,CORAL,CEMENTO
118.0,COM. ESPECIALES,2022-04-22,PORTAR OBJETOS PELIG.,PORTAR OBJETOS PELIG.,19:19,TORREON,TENOCHTITLAN,SANTA ISABEL
618.0,GOE,2022-04-26,DET. ORDEN PENDIENTE,DET. ORDEN PENDIENTE,15:11,MORELOS III,VALLE DEL CEDRO,ZARAGOZA
626.0,UNEVID,2022-04-26,ABUSO SEXUAL,ABUSO SEXUAL,09:47,PRADERAS DE LA SIERRA I- V,PRADERA DE BOCOYNA,PRADERA DEL COBRE
514.0,UNEVID,2022-04-27,DET. ORDEN PENDIENTE,DET. ORDEN PENDIENTE,18:02,PARAJES DE ORIENTE,DESIERTO DE QATAR,CUSTODIA DE LA REPUBLICA
208.0,CENTRO,2022-04-03,HOMICIDIO C ARMA DE FUEGO,HOMICIDIO C ARMA DE FUEGO,12:00,EL BARREAL,DAMIAN CARMONA,PLAN DE AYALA
509.0,GOE,2022-04-28,ARMAS DECOMISADAS,ARMAS DE FUEGO DECOM.,15:09,PRADERAS DEL SUR,RAMON RAYON,SANTIAGO TRONCOSO
311.0,CANINA,2022-04-29,ARMAS DECOMISADAS,ARMAS DE FUEGO DECOM.,16:46,LADRILLEROS Y CALEROS,FRANCISCO PORTILLO,NICOLAS HERMOSILLO
520.0,SUR,2022-04-21,ARMAS DECOMISADAS,ARMAS DE FUEGO DECOM.,23:45,PARAJES DE SAN JOSE,FUNDADORES DE AMERICA,SENDEROS DE ARAVACA
410.0,UNIVERSIDAD,2022-04-23,ARMAS DECOMISADAS,ARMAS DE FUEGO DECOM.,09:20,SENECU I,BAUDELIO PELAYO,TOMAS FERNANDEZ
522.0,GOE,2022-05-28,ARMAS DECOMISADAS,ARMAS DE FUEGO DECOM.,20:55,TORRES DEL SUR,DURANGO,RAMON RAYON
514.0,GOE,2022-05-28,HOMICIDIO C ARMA DE FUEGO,HOMICIDIO C ARMA DE FUEGO,20:58,PARAJES DE ORIENTE,DESIERTO DE EGIPTO,DESIERTO DE KAVIR
519.0,GOE,2022-05-27,HOMICIDIO C ARMA DE FUEGO,HOMICIDIO C ARMA DE FUEGO,18:38,RINCONES DE SALVARCAR,40 EJIDATARIOS,AMERICA DEL NORTE
519.0,GOE,2022-05-27,LESIONES ARMA DE FUEGO,LESIONES C ARMA DE FUEGO,18:38,RINCONES DE SALVARCAR,40 EJIDATARIOS,AMERICA DEL NORTE
208.0,SUR,2022-05-25,ABUSO SEXUAL,ABUSO SEXUAL,22:40,PARTIDO ROMERO,VICENTE GUERRERO,GREGORIO M SOLIS
704.0,RIVERAS,2022-05-27,DET. ORDEN PENDIENTE,DET. ORDEN PENDIENTE,01:50,RIVERAS DEL BRAVO,RIVERA PEÐASCO,IXTAPALAPA
401.0,ORIENTE,2022-05-27,ARMAS DECOMISADAS,ARMAS DE FUEGO DECOM.,13:50,SAN LORENZO,TECNOLOGICO,SAN LORENZO
419.0,ORIENTE,2022-05-26,ROBO A CASA HABITACION,ROBO A CASA HABITACION,10:30,LADRILLERA JUAREZ,RAMON NUÐEZ,SABALO
514.0,UNEVID,2022-05-30,ROBO A NEGOCIO,ROBO A NEGOCIO,06:57,PARAJES DE ORIENTE,ZARAGOZA,SANTIAGO TRONCOSO
706.0,RIVERAS,2022-06-01,ROBO A CASA HABITACION,ROBO A CASA HABITACION,17:35,LA CAÐADA,PASEO DE LA CAÐADA,PASEO DE LA CAÐADA
306.0,SUR,2022-06-02,DET. ORDEN PENDIENTE,DET. ORDEN PENDIENTE,20:07,PARQUE INDUSTRIAL ZARAGOZA,TUNGSTENO,12 DE ABRIL
612.0,POLICIA COMERCIAL,2022-05-31,ROBO A NEGOCIO,ROBO FARDERO,20:17,INFONAVIT JUAREZ NUEVO,HIEDRA,MANUEL JESUS CLOUTHIER
520.0,UNEVID,2022-06-01,INTENTO DE ROBO,INTENTO DE ROBO,10:40,EL MEZQUITAL,LEONARDO SOLIS BARRAZA,DON MANUEL TALAMAS CAMANDARI
405.0,UNEVID,2022-06-06,VIOLACION,VIOLACION,03:27,FUENTES DEL VALLE,DEL MANANTIAL,DEL GOLFO
416.0,POLICIA COMERCIAL,2022-06-05,DET. ORDEN PENDIENTE,DET. ORDEN PENDIENTE,07:20,SATELITE,MANUEL GOMEZ MORIN,CAMINO ORTIZ RUBIO
135.0,SUR,2022-06-06,LESIONES ARMA DE FUEGO,LESIONES C ARMA DE FUEGO,13:20,MARIANO ESCOBEDO,ORO,LAMPAZOS
622.0,POLICIA COMERCIAL,2022-06-03,DET. ORDEN PENDIENTE,DET. ORDEN PENDIENTE,18:50,PRADERAS DE LOS ALAMOS,PALACIO DE MITLA,MARGARITO HERRERA
418.0,POLICIA COMERCIAL,2022-06-01,ROBO OTROS,ROBO A REPARTIDOR,10:15,WATERFILL RIO BRAVO,RAMON RAYON,CLARA CALDERON
417.0,SUR,2022-06-11,ARMAS DECOMISADAS,ARMAS DE FUEGO DECOM.,22:10,NAHUATL,CIRCUITO ALICANTE,NUEVA ANDALUCIA
408.0,POLICIA COMERCIAL,2022-06-07,ROBO A NEGOCIO,ROBO FARDERO,15:58,PRADERA DORADA,EJERCITO NACIONAL,RANCHO EL BECERRO
627.0,SUR,2022-06-11,LESIONES ARMA BLANCA,LESIONES C ARMA DE FUEGO,11:16,LOMAS DE POLEO,DE LA MANZANA,HECTOR OAXACA
413.0,POLICIA COMERCIAL,2022-04-30,ROBO A NEGOCIO,ROBO FARDERO,19:52,USOS MIXTOS,TECNOLOGICO,RANCHO AGUA CALIENTE
516.0,UNEVID,2022-04-30,CARTUCHOS DECOMISADOS,CARTUCHOS DECOMISADOS,01:40,PARAJES DE SAN ISIDRO,VOLCAN PLAYON,VOLCAN SAN SALVADOR
501.0,UNEVID,2022-04-29,ABUSO SEXUAL,ABUSO SEXUAL,00:30,SALVARCAR,SAN LUIS POTOSI,ARMANDO B CHAVEZ
404.0,POLICIA COMERCIAL,2022-05-01,ARMAS DECOMISADAS,ARMAS DE FUEGO DECOM.,09:39,LOS PARQUES,TOMAS FERNANDEZ,PARQUE DE LAS NINFAS
309.0,RIVERAS,2022-06-13,HOMICIDIO C ARMA DE FUEGO,HOMICIDIO C ARMA DE FUEGO,22:16,REVOLUCION MEXICANA,GENERAL MANUEL MARIN AVEYTIA,GENERAL LUIS HERRERA CANO
506.0,UNEVID,2022-06-12,DET. ORDEN PENDIENTE,DET. ORDEN PENDIENTE,18:53,TERRENOS NACIONALES,EJIDO HIDALGO,LULU CREEL
520.0,UNEVID,2022-06-13,DET. ORDEN PENDIENTE,DET. ORDEN PENDIENTE,08:45,PRADERAS DEL SOL,PUERTA DEL SOL,PRADERA DEL SOL
408.0,POLICIA COMERCIAL,2022-06-16,HOMICIDIO C ARMA DE FUEGO,HOMICIDIO C ARMA DE FUEGO,11:09,USOS MIXTOS,TECNOLOGICO,PEDRO ROSALES DE LEON
408.0,POLICIA COMERCIAL,2022-06-16,LESIONES ARMA DE FUEGO,LESIONES C ARMA DE FUEGO,11:09,USOS MIXTOS,TECNOLOGICO,PEDRO ROSALES DE LEON
308.0,CANINA,2022-06-19,DET. ORDEN PENDIENTE,DET. ORDEN PENDIENTE,20:30,PANFILO NATERA,JEREZ,CEMENTO
710.0,RIVERAS,2022-06-17,DET. ORDEN PENDIENTE,DET. ORDEN PENDIENTE,11:29,USOS MIXTOS,LEONARDO SOLIS BARRAZA,FUNDADORES
303.0,CANINA,2022-06-16,DET. ORDEN PENDIENTE,DET. ORDEN PENDIENTE,20:00,HERMENEGILDO GALEANA,CHAUZINGO,COATEPEC
518.0,UNEVID,2022-06-16,DET. ORDEN PENDIENTE,DET. ORDEN PENDIENTE,03:11,ROMA,CAYUCO,CORDILLERA PIRINEOS
309.0,SUR,2022-06-15,DET. ORDEN PENDIENTE,DET. ORDEN PENDIENTE,09:10,AZTECA,TEPEHUANES,MAYOS
515.0,GOE,2022-06-14,DET. ORDEN PENDIENTE,DET. ORDEN PENDIENTE,16:40,OLIVIA ESPINOZA DE BERMUDEZ,CRISTINA LEON,EMMA MURGUIA VALDEZ
510.0,POLICIA COMERCIAL,2022-06-24,ARMAS DECOMISADAS,ARMAS DE FUEGO DECOM.,00:05,EL CAMPANARIO,PASEO DE LOS COMPOSITORES,DE LAS TORRES
520.0,POLICIA COMERCIAL,2022-06-23,LESIONES ARMA DE FUEGO,LESIONES C ARMA DE FUEGO,18:15,PRADERAS DEL SOL,SOL DEL CERRO,SOL DE LAS ROSAS
517.0,UNEVID,2022-06-25,DET. ORDEN PENDIENTE,DET. ORDEN PENDIENTE,02:05,PARAJES DE SAN JUAN,MONTE SINAI,MONTE CAMERUN
307.0,SUR,2022-06-24,DET. ORDEN PENDIENTE,DET. ORDEN PENDIENTE,12:07,INDEPENDENCIA II,PRESA CENTENARIO,PRESA FALCON
307.0,SUR,2022-06-24,DET. ORDEN PENDIENTE,DET. ORDEN PENDIENTE,12:07,INDEPENDENCIA II,PRESA CENTENARIO,PRESA FALCON
625.0,SUR,2022-06-30,DET. ORDEN PENDIENTE,DET. ORDEN PENDIENTE,03:30,VILLA RESIDENCIAL DEL REAL,BASASEACHI,BASASEACHI
312.0,SUR,2022-06-11,ROBO A NEGOCIO,ROBO FARDERO,18:31,DIVISION DEL NORTE COL.,PLUTARCO ELIAS CALLES,PASCUAL OROZCO
707.0,UNEVID,2022-06-09,ABUSO SEXUAL,ABUSO SEXUAL,16:02,TIERRA NUEVA I,PUERTO DOVER,PUERTO ANZIO
709.0,UNEVID,2022-06-10,ABUSO SEXUAL,ABUSO SEXUAL,01:03,LAS MONTAÐAS,SANTO TOMAS,BAHIA MAGDALENA
117.0,RIVERAS,2022-06-22,ABUSO SEXUAL,ABUSO SEXUAL,17:35,MAESTROS ESTATALES Y FEDERALES,SAN ANDRES,MARIANO MATAMOROS
201.0,UNEVID,2022-06-26,ABUSO SEXUAL,ABUSO SEXUAL,02:20,CHAMIZAL,COLEGIO MILITAR,CHAMIZAL
101.0,CENTRO,2022-06-16,ROBO A NEGOCIO,ROBO A NEGOCIO,13:14,CERRADA DE SAN PEDRO,CAPILLA DE SAN JERONIMO,CAPILLA DE SAN MARCOS
210.0,ORIENTE,2022-06-25,ROBO A NEGOCIO,ROBO A NEGOCIO,19:57,PUERTA DEL SOL,PLUTARCO ELIAS CALLES,RIO FLORIDO
413.0,POLICIA COMERCIAL,2022-06-22,ROBO A NEGOCIO,ROBO FARDERO,11:38,PRADERA DORADA,EJERCITO NACIONAL,TECNOLOGICO
613.0,POLICIA COMERCIAL,2022-06-22,ROBO A NEGOCIO,ROBO FARDERO,19:51,USOS MIXTOS,OSCAR FLORES SANCHEZ,ZARAGOZA
623.0,POLICIA COMERCIAL,2022-06-16,ROBO A NEGOCIO,ROBO FARDERO,20:10,ROMA,DE LAS TORRES,SANTIAGO BLANCAS
521.0,GOE,2022-06-14,ROBO A NEGOCIO,ROBO FARDERO,17:59,USOS MIXTOS,DON MANUEL TALAMAS CAMANDARI,INDEPENDENCIA
612.0,POLICIA COMERCIAL,2022-06-28,ROBO A NEGOCIO,ROBO FARDERO,18:48,SERVICIOS GENERALES,HIEDRA,MANUEL JESUS CLOUTHIER
612.0,POLICIA COMERCIAL,2022-06-29,ROBO A NEGOCIO,ROBO FARDERO,15:44,USOS MIXTOS,DE LAS TORRES,ZARAGOZA
516.0,GOE,2022-06-29,ROBO OTROS,ROBO DE ACCESORIOS A VEHICULO,19:40,PARAJES DE SAN ISIDRO,VOLCAN AJUSCO,PUERTO ALICANTE
525.0,GOE,2022-06-19,ROBO A CASA HABITACION,ROBO A CASA HABITACION,15:28,VILLAS DE ALCALA,VILLA MARIA,VILLAS DE ALCALA
612.0,POLICIA COMERCIAL,2022-06-17,PORTAR OBJETOS PELIG.,PORTAR OBJETOS PELIG.,15:52,USOS MIXTOS,HIEDRA,MANUEL JESUS CLOUTHIER
517.0,UNEVID,2022-07-03,DET. ORDEN PENDIENTE,DET. ORDEN PENDIENTE,15:40,PARAJES DE SAN JUAN,MONTE CARMELO,MONTE SANTA CATALINA
626.0,GOE,2022-07-04,HOMICIDIO C ARMA DE FUEGO,HOMICIDIO C ARMA DE FUEGO,21:00,HACIENDA DE LAS TORRES XII Y XIII,YEPOMERA,ARBOLEDA
523.0,UNEVID,2022-07-01,ROBO OTROS,ROBO OTROS,08:45,SAN PEDRO,PORTAL SAN ANGELO,JESUS MANUEL MONRREAL
525.0,UNEVID,2022-07-07,DET. ORDEN PENDIENTE,DET. ORDEN PENDIENTE,01:54,VILLAS DE ALCALA,VILLA DE ARISTA,VILLAS DE ALCALA
523.0,GOE,2022-07-12,HOMICIDIO C OTROS OBJETOS,HOMICIDIOS CAUSAS A DETERMINAR,21:50,PARQUE INDUSTRIAL ELECTROLUX,LEONARDO SOLIS BARRAZA,LOTE BRAVO
521.0,GOE,2022-07-06,ARMAS DECOMISADAS,ARMAS DE FUEGO DECOM.,01:10,PARAJES DEL SUR FRACCIONAMIENTO,PASEO DEL SUR,SANTA CRUZ
412.0,POLICIA COMERCIAL,2022-07-03,DET. ORDEN PENDIENTE,DET. ORDEN PENDIENTE,10:45,VALLE DEL SOL,JUPITER,ANTIOQUIA
518.0,UNEVID,2022-07-10,DET. ORDEN PENDIENTE,DET. ORDEN PENDIENTE,23:20,URBI VILLA DEL CEDRO,MONTES DEL CANTAL,SIERRA DE MONCAYO
516.0,UNEVID,2022-07-09,ROBO A NEGOCIO,ROBO A NEGOCIO,08:44,PARAJES DE SAN ISIDRO,DON MANUEL TALAMAS CAMANDARI,LOTE BRAVO
514.0,INTELIGENCIA,2022-07-12,DET. ORDEN PENDIENTE,DET. ORDEN PENDIENTE,15:15,PARAJES DE ORIENTE,DESIERTO DE QATAR,DESIERTO DE QATAR NORTE
307.0,SUR,2022-07-07,DET. ORDEN PENDIENTE,DET. ORDEN PENDIENTE,11:10,INDEPENDENCIA II,PRESA LA ANGOSTURA,PRESA DE LA AMISTAD
309.0,SUR,2022-07-07,DET. ORDEN PENDIENTE,DET. ORDEN PENDIENTE,11:9,REVOLUCION MEXICANA,PROFESORA ELISA GRIENSEN,GENERAL PONCIANO ARRIAGA
523.0,CANINA,2022-07-11,DET. ORDEN PENDIENTE,DET. ORDEN PENDIENTE,17:30,ARECAS,LEONARDO SOLIS BARRAZA,LOTE BRAVO
204.0,POLICIA COMERCIAL,2022-07-07,DET. ORDEN PENDIENTE,DET. ORDEN PENDIENTE,23:30,MARGARITAS,PARAGUAY,COYOACAN
220.0,POLICIA COMERCIAL,2022-07-09,DET. ORDEN PENDIENTE,DET. ORDEN PENDIENTE,19:50,INFONAVIT CASAS GRANDES,SERGIO ELIAS ORTIZ,MANUEL ANGUIANO
516.0,GOE,2022-07-10,DET. ORDEN PENDIENTE,DET. ORDEN PENDIENTE,23:50,PARAJES DE SAN ISIDRO,VOLCAN LASCAR,SONETO 156
627.0,UNEVID,2022-07-12,ABUSO SEXUAL,ABUSO SEXUAL,17:34,HACIENDA DE LAS TORRES,PLAYA DE CURACAO,PLAYA DE CORALILLOS
202.0,POLICIA COMERCIAL,2022-07-14,DET. ORDEN PENDIENTE,DET. ORDEN PENDIENTE,05:50,UNIVERSIDAD,MELQUIADES ALANIS,FILOSOFIA
523.0,VALLE,2022-07-14,DET. ORDEN PENDIENTE,DET. ORDEN PENDIENTE,02:10,ARECAS,PRADERA DEL CEDRO,PRADERA DE NARANJOS
304.0,ALCAIDIA,2022-07-06,DET. ORDEN PENDIENTE,DET. ORDEN PENDIENTE,14:10,AZTECA,NAHOAS,PIMAS
203.0,POLICIA COMERCIAL,2022-07-14,DET. ORDEN PENDIENTE,DET. ORDEN PENDIENTE,22:06,HIDALGO,CHOLULA,BRASIL
516.0,SUR,2022-07-15,DET. ORDEN PENDIENTE,DET. ORDEN PENDIENTE,21:00,PARAJES DE SAN ISIDRO,LOTE BRAVO,VOLCAN NEVADO DE TOLUCA
523.0,UNEVID,2022-08-10,LESIONES ARMA DE FUEGO,LESIONES C ARMA DE FUEGO,15:08,LA ENRAMADA,HOJA DE OLIVO,PASEO DEL SUR
528.0,UNEVID,2022-08-11,DET. ORDEN PENDIENTE,DET. ORDEN PENDIENTE,03:08,SIERRA VISTA SUR,HACIENDA VICENCIO,HACIENDA CHAUTLA
623.0,GOE,2022-08-12,ARMAS DECOMISADAS,ARMAS DE FUEGO DECOM.,01:00,ROMA,RAMACOI,PORTAL DE LA TIERRA
220.0,POLICIA COMERCIAL,2022-08-14,ROBO OTROS,ROBO A TRANSEUNTES,15:30,INFONAVIT CASAS GRANDES,PEDRO MEOQUI,NELLIE CAMPOBELLO
216.0,SUR,2022-12-07,ARMAS DECOMISADAS,ARMAS DE FUEGO DECOM.,19:50,LOS NOGALES,RIO DANUBIO,DEL EJIDO
520.0,GOE,2022-09-25,ARMAS DECOMISADAS,ARMAS DE FUEGO DECOM.,16:50,PRADERAS DEL SOL,SOL DEL MONTE,VISTA DEL SOL
633.0,GOE,2022-09-26,DET. ORDEN PENDIENTE,DET. ORDEN PENDIENTE,17:30,LAS ALMERAS,HACIENDA DE ORQUIDEA,HACIENDA DE GIRASOLES
612.0,CANINA,2022-09-25,DET. ORDEN PENDIENTE,DET. ORDEN PENDIENTE,22:30,INFONAVIT JUAREZ NUEVO,ANDRES ORTIZ,JOSE MARIA SANCHEZ MEZA
524.0,UNEVID,2022-09-23,DET. ORDEN PENDIENTE,DET. ORDEN PENDIENTE,18:45,SENDEROS DE SAN ISIDRO,SENDEROS DE ANDORRA,SENDEROS DE ALMERIA
520.0,GOE,2022-09-22,ASALTO ARMA BLANCA,ASALTO C ARMA BLANCA,20:37,PRADERAS DEL SOL,VISTA DEL SOL,MEZQUITAL
414.0,POLICIA COMERCIAL,2022-09-21,ROBO A NEGOCIO,ROBO FARDERO,17:28,BOSQUES DEL SOL,PASEO DE LA VICTORIA,TEOFILO BORUNDA
522.0,GOE,2022-09-27,DET. ORDEN PENDIENTE,DET. ORDEN PENDIENTE,18:50,LAS HACIENDAS,HACIENDA BASUCHIL,HACIENDA LA CONCEPCION
711.0,GOE,2022-09-28,DET. ORDEN PENDIENTE,DET. ORDEN PENDIENTE,22:12,PORTAL DEL ROBLE,PORTAL DE CARANDAY,PORTAL DEL PAPAYO
625.0,SUR,2022-09-26,ASALTO ARMA BLANCA,ASALTO C ARMA BLANCA,22:30,VILLA RESIDENCIAL DEL REAL,CAÐON DE URIQUE,CAÐON CEROCAHUI
710.0,UNEVID,2022-12-12,ABUSO SEXUAL,ABUSO SEXUAL,13:19,CARLOS CHAVIRA BECERRA,PUERTO ALICANTE,ATRAS QUEDO LA HUELLA
521.0,POLICIA COMERCIAL,2022-12-09,ARMAS DECOMISADAS,ARMAS DE FUEGO DECOM.,22:40,PARAJES DEL SUR FRACCIONAMIENTO,DON MANUEL TALAMAS CAMANDARI,MAR DEL SUR
522.0,GOE,2022-12-11,ROBO A NEGOCIO,ROBO A NEGOCIO,14:39,CERRADAS SANTA ISABEL,SAN SEBASTIAN,SANTA JULIA
523.0,GOE,2022-12-15,LESIONES ARMA BLANCA,LESIONES C ARMA BLANCA,18:39,PARAJES DE SAN ISIDRO,DON MANUEL TALAMAS CAMANDARI,PASEO DE SAN ISIDRO
514.0,UNEVID,2022-12-15,PORTAR OBJETOS PELIG.,PORTAR OBJETOS PELIG.,07:07,MANUEL J. CLOUTHIER,CAPITAN CRISTOBAL RUIZ,ANTONIO GUILLEXIQUE
513.0,UNEVID,2022-12-15,ROBO A NEGOCIO,ROBO A NEGOCIO,10:35,FRAY GARCIA DE SAN FRANCISCO,FRAY TOMAS GALLARDO,MESA CENTRAL
501.0,ORIENTE,2022-12-19,ROBO OTROS,ROBO DE ACCESORIOS A VEHICULO,11:45,SALVARCAR,JOSEFA ORTIZ DE DOMINGUEZ,QUINTANA ROO
519.0,UNEVID,2022-12-18,PORTAR OBJETOS PELIG.,PORTAR OBJETOS PELIG.,23:58,ARECAS,PRADERA DE ALGODON,DEL NARANJO
518.0,UNEVID,2022-12-19,ROBO A NEGOCIO,ROBO A NEGOCIO,12:38,URBIVILLA DEL CEDRO,MONTE DE ARAGON,MONTES SUDETES
520.0,UNEVID,2022-12-18,ROBO OTROS,ROBO OTROS,12:42,EL MEZQUITAL,ANIS,LEONARDO SOLIS BARRAZA
528.0,UNEVID,2022-12-20,ARMAS DECOMISADAS,ARMAS DE FUEGO DECOM.,23:07,SIERRA VISTA,HACIENDA DEL SOL,HACIENDA DE IVARBOL
621.0,SUR,2022-12-21,DET. ORDEN PENDIENTE,DET. ORDEN PENDIENTE,00:18,RODRIGUEZ BORUNDA,AÐO 1920,AÐO 1938
633.0,GOE,2022-08-14,DET. ORDEN PENDIENTE,DET. ORDEN PENDIENTE,21:07,TERRANOVA,TERRANOVA,MIGUEL DE LA MADRID
526.0,UNEVID,2022-08-16,DET. ORDEN PENDIENTE,DET. ORDEN PENDIENTE,20:09,PARAJES DE SAN JUAN,COSTA DE BELGICA,FUNDADORES DE AMERICA
419.0,ORIENTE,2022-08-17,INTENTO DE ROBO,INTENTO DE ROBO,17:52,LAS ARCADAS,ALDAMA,RIO CHIMAN
627.0,GOE,2022-08-17,DET. ORDEN PENDIENTE,DET. ORDEN PENDIENTE,21:35,TERRANOVA,DE LAS TORRES,LEONARDO SOLIS BARRAZA
710.0,RIVERAS,2022-08-21,DET. ORDEN PENDIENTE,DET. ORDEN PENDIENTE,10:30,PORTAL DEL ROBLE,DEL SAUCE,GENERAL MANUEL NUÐEZ
508.0,GOE,2022-08-23,DET. ORDEN PENDIENTE,DET. ORDEN PENDIENTE,01:10,TORRES DEL SUR,PALACIO DE MITLA,PALACIO DE PAQUIME
515.0,UNEVID,2022-08-19,ABUSO SEXUAL,ABUSO SEXUAL,12:41,OLIVIA ESPINOZA DE BERMUDEZ,GUILLERMINA VALDEZ VILLALBA,MESA CENTRAL
608.0,POLICIA COMERCIAL,2022-08-22,ARMAS DECOMISADAS,ARMAS DE FUEGO DECOM.,16:42,AMPLIACION AEROPUERTO,NUEVA ZELANDA,ARGELIA
625.0,GOE,2022-08-23,DET. ORDEN PENDIENTE,DET. ORDEN PENDIENTE,23:51,VILLA RESIDENCIAL DEL REAL,ENRIQUE PINOCELLI,DON MANUEL TALAMAS CAMANDARI
219.0,POLICIA COMERCIAL,2022-08-22,DET. ORDEN PENDIENTE,DET. ORDEN PENDIENTE,12:08,INFONAVIT CASAS GRANDES,BENEMERITO DE LAS AMERICAS,MARTIN LUIS GUZMAN
605.0,CANINA,2022-08-22,DET. ORDEN PENDIENTE,DET. ORDEN PENDIENTE,18:58,LA CUESTA,SIERRA PEÐA BLANCA,SIERRA DE JUAREZ
516.0,UNEVID,2022-08-23,LESIONES ARMA DE FUEGO,LESIONES C ARMA DE FUEGO,06:55,PARAJES DE SAN ISIDRO,VOLCAN NEVADO DE COLIMA,MARIA TERESA ROJAS
518.0,UNEVID,2022-08-26,DET. ORDEN PENDIENTE,DET. ORDEN PENDIENTE,02:10,URBIVILLA DEL CEDRO,MONTE DE LA VENTANA,MONTES DEL CANTAL
633.0,GOE,2022-08-19,ARMAS DECOMISADAS,ARMAS DE FUEGO DECOM.,22:54,TERRANOVA,TIERRA SANTA,TIERRA DE LABRANZA
301.0,UNEVID,2022-09-03,VIOLACION,VIOLACION,19:39,HERMENEGILDO GALEANA,ATOYAC,ZIHUATANEJO
507.0,UNEVID,2022-09-04,ABUSO SEXUAL,ABUSO SEXUAL,22:57,PRADERAS DEL HEHEQUEN,PRADERA DE DELICIAS,EJIDO SAN JUANITO
606.0,COM. ESPECIALES,2022-09-01,DET. ORDEN PENDIENTE,DET. ORDEN PENDIENTE,14:40,DEL REAL,MORELIA,TIZOC
525.0,UNEVID,2022-09-06,HOMICIDIO C ARMA DE FUEGO,HOMICIDIO C ARMA DE FUEGO,17:52,VILLAS DE ALCALA,VILLA GUERRERO,VILLA VELAYO
626.0,GOE,2022-08-24,DET. ORDEN PENDIENTE,DET. ORDEN PENDIENTE,16:15,PRADERAS DE LA SIERRA I- V,RAMON RAYON,LUCERO
520.0,CANINA,2022-08-25,DET. ORDEN PENDIENTE,DET. ORDEN PENDIENTE,14:10,TERRANOVA,TIERRA NEGRA,DE LAS TORRES
610.0,SUR,2022-08-27,ASALTO ARMA BLANCA,ASALTO C ARMA BLANCA,19:06,GRANJERO,PIÐA,PIÐA
402.0,POLICIA COMERCIAL,2022-08-29,DET. ORDEN PENDIENTE,DET. ORDEN PENDIENTE,09:46,ANGLIA RESID.,CAMINO REAL,TOMAS FERNANDEZ
706.0,RIVERAS,2022-08-27,HOMICIDIO C ARMA DE FUEGO,HOMICIDIO C ARMA DE FUEGO,07:03,LA CAÐADA,PASEO DE LA CAÐADA,PASEO DE LA CAÐADA
540.0,UNEVID,2022-08-27,VIOLACION,VIOLACION,19:12,LAS HACIENDAS,HACIENDA SANTA GERTRUDIS,HACIENDA SANTIAGO
628.0,ORIENTE,2022-08-27,ROBO OTROS,ROBO DE ACCESORIOS A VEHICULO,13:11,KILOMETRO 27,DE LA ESPERANZA,VILLA CHICA
528.0,SUR,2022-08-30,ARMAS DECOMISADAS,ARMAS DE FUEGO DECOM.,21:55,SIERRA VISTA,HACIENDA MEDINA,HACIENDA DE IVARBOL
528.0,SUR,2022-08-30,HOMICIDIO DOLOSO,HOMICIDIO DOLOSO,21:55,SIERRA VISTA,HACIENDA MEDINA,HACIENDA DE IVARBOL
522.0,VALLE,2022-08-25,PORTAR OBJETOS PELIG.,PORTAR OBJETOS PELIG.,12:30,CERRADA SAN MATEO,SAN PABLO,SAN MIGUEL
503.0,RIVERAS,2022-08-29,HOMICIDIO C OTROS OBJETOS,HOMICIDIOS CAUSAS A DETERMINAR,12:01,SALVARCAR,NAYARIT,PORFIRIO DIAZ
113.0,CENTRO,2022-08-30,HOMICIDIO C ARMA DE FUEGO,HOMICIDIO C ARMA DE FUEGO,09:51,JUANITA LUNA,MANUEL RIQUELME,PEDRO MORON
306.0,RIVERAS,2022-08-30,LESIONES ARMA BLANCA,LESIONES C ARMA BLANCA,19:42,LUIS OLAGUE,ACUARIO,TAURO
614.0,CANINA,2022-08-30,DET. ORDEN PENDIENTE,DET. ORDEN PENDIENTE,16:30,LOS ALCALDES,LA UNION HACE LA FUERZA,JOSE REYES ESTRADA
524.0,POLICIA COMERCIAL,2022-08-30,INTENTO DE ASALTO,INTENTO DE ASALTO,10:30,SENDEROS DE SAN ISIDRO,SENDEROS DE VALLADOLID,SENDEROS DE QUINTANAR
633.0,GOE,2022-09-08,DET. ORDEN PENDIENTE,DET. ORDEN PENDIENTE,01:42,TERRANOVA,TERRANOVA,MIGUEL DE LA MADRID
633.0,GOE,2022-09-10,ARMAS DECOMISADAS,ARMAS DE FUEGO DECOM.,19:27,TERRANOVA,TIERRA NEGRA,LIBRAMIENTO REGIONAL
519.0,POLICIA COMERCIAL,2022-09-12,ARMAS DECOMISADAS,ARMAS DE FUEGO DECOM.,01:00,MANUEL GOMEZ MORIN,INDEPENDENCIA,DON MANUEL TALAMAS CAMANDARI
612.0,POLICIA COMERCIAL,2022-12-14,ABUSO CONFIANZA,ABUSO CONFIANZA,20:51,INFONAVIT AMPLIACION AEROPUERTO,MANUEL JESUS CLOUTHIER,HIEDRA
527.0,GOE,2022-12-23,ROBO A NEGOCIO,ROBO A NEGOCIO,22:47,MISIONES DE CREEL,FEDERICO DE LA VEGA,MISIONES DE CREEL
503.0,UNEVID,2022-12-22,ROBO A NEGOCIO,ROBO A NEGOCIO,01:00,TERRENOS NACIONALES,ZARAGOZA,EJIDO MADERA
625.0,SUR,2022-11-02,ASALTO ARMA BLANCA,ASALTO C ARMA BLANCA,23:22,VILLA RESIDENCIAL DEL REAL,CAÐON DE URIQUE,CAÐON CEROCAHUI
524.0,VALLE,2022-11-09,ROBO A CASA HABITACION,Robo A CAJERO AUTOMATICO,18:00,FLORENCIA,VIA PADOVA,VIA PALUMBO
704.0,VALLE,2022-11-15,HOMICIDIO C OTROS OBJETOS,HOMICIDIOS CAUSAS A DETERMINAR,15:04,RIVERAS DEL BRAVO,RIVERA DEL SALADO,SIGLO XXI
605.0,CANINA,2022-10-02,DET. ORDEN PENDIENTE,DET. ORDEN PENDIENTE,13:30,PANCHO VILLA,ARROYO JARUDO,RODOLFO FIERRO
625.0,GOE,2022-10-02,DET. ORDEN PENDIENTE,DET. ORDEN PENDIENTE,17:17,PALMAS DEL SOL (VICTORIA),PASEO NOBLEZA,PASEO DE LA GLORIA
622.0,RIVERAS,2022-10-03,ROBO A NEGOCIO,ROBO FARDERO,13:10,PRADERAS DE LOS ALAMOS,DE LAS TORRES,RAMON RAYON
625.0,GOE,2022-10-03,DET. ORDEN PENDIENTE,DET. ORDEN PENDIENTE,22:27,PALMAS DEL SOL (VICTORIA),PASEO DE LA GLORIA,CINCO CONTINENTES
633.0,GOE,2022-10-04,DET. ORDEN PENDIENTE,DET. ORDEN PENDIENTE,15:37,VALLE DEL MARQUES,MARQUES DE ASTORGA,MARQUES DE ANTARES
601.0,CANINA,2022-10-04,LESIONES ARMA DE FUEGO,LESIONES C ARMA DE FUEGO,15:41,ANDRES FIGUEROA,GERARDO TORRESOLA,MOVIMIENTO INDEPENDIENTE
601.0,CANINA,2022-10-04,HOMICIDIO C ARMA DE FUEGO,HOMICIDIO C ARMA DE FUEGO,15:41,ANDRES FIGUEROA,GERARDO TORRESOLA,MOVIMIENTO INDEPENDIENTE
601.0,CANINA,2022-10-04,DET. ORDEN PENDIENTE,DET. ORDEN PENDIENTE,16:21,ANDRES FIGUEROA,ARROYO JARUDO,LIGA SOCIALISTA DE PUERTO RICO
505.0,UNEVID,2022-10-05,ROBO A NEGOCIO,ROBO A NEGOCIO,16:44,ZARAGOZA D. B.,INDEPENDENCIA,ZARAGOZA
524.0,GOE,2022-10-09,ARMAS DECOMISADAS,ARMAS DE FUEGO DECOM.,16:24,SENDEROS DE SAN ISIDRO,SENDEROS DE ALCALA,SENDEROS DE SEGOVIA
411.0,POLICIA COMERCIAL,2022-09-30,DET. ORDEN PENDIENTE,DET. ORDEN PENDIENTE,14:50,VALLE DEL SOL,VALLE DEL SOL,VALLE DE ALLENDE
610.0,CANINA,2022-09-30,DET. ORDEN PENDIENTE,DET. ORDEN PENDIENTE,16:08,GRANJERO,PLATANO,AVENA
615.0,CANINA,2022-09-29,DET. ORDEN PENDIENTE,DET. ORDEN PENDIENTE,21:40,HEROES DE LA REVOLUCION,PRIVADA DURAZNO,BAMBU
411.0,POLICIA COMERCIAL,2022-09-30,ASALTO ARMA BLANCA,ASALTO C ARMA BLANCA,17:14,LA SARZANA,LA SARZANA,VIA GENOVA
404.0,POLICIA COMERCIAL,2022-09-11,DET. ORDEN PENDIENTE,DET. ORDEN PENDIENTE,15:36,LOS PARQUES,TOMAS FERNANDEZ,PARQUE DE LAS HADAS
502.0,GOE,2022-09-13,PORTAR OBJETOS PELIG.,PORTAR OBJETOS PELIG.,14:50,SALVARCAR,CAMPECHE,JOSE MARIA MORELOS
414.0,POLICIA COMERCIAL,2022-09-17,ARMAS DECOMISADAS,ARMAS DE FUEGO DECOM.,21:19,USOS MIXTOS,TEOFILO BORUNDA,PASEO DE LA VICTORIA
522.0,SUR,2022-09-19,DET. ORDEN PENDIENTE,DET. ORDEN PENDIENTE,14:38,LAS HACIENDAS,HACIENDA LOS FRESNOS,LA HERRADURA
525.0,CANINA,2022-09-19,DET. ORDEN PENDIENTE,DET. ORDEN PENDIENTE,14:04,VALLE FUNDADORES,JOSE FUENTES MARES,ANDRES CASTRO AZCARATE
406.0,POLICIA COMERCIAL,2022-09-19,DET. ORDEN PENDIENTE,DET. ORDEN PENDIENTE,13:52,USOS MIXTOS,MANUEL GOMEZ MORIN,PASEO DE LA VICTORIA
212.0,COM. ESPECIALES,2022-09-21,DET. ORDEN PENDIENTE,DET. ORDEN PENDIENTE,14:42,EX-HIPODROMO,PANAMA,21 DE MARZO
627.0,GOE,2022-09-20,DET. ORDEN PENDIENTE,DET. ORDEN PENDIENTE,16:05,LOS ARCOS,DON MANUEL TALAMAS CAMANDARI,MIGUEL DE LA MADRID
414.0,POLICIA COMERCIAL,2022-10-05,ROBO A NEGOCIO,ROBO FARDERO,14:56,USOS MIXTOS,TEOFILO BORUNDA,PASEO DE LA VICTORIA
705.0,GOE,2022-10-08,ARMAS DECOMISADAS,ARMAS DE FUEGO DECOM.,22:14,RIVERAS DEL BRAVO,RIVERA DE SICOMORO,RIVERA DEL TEPEYAC
516.0,GOE,2022-10-12,HOMICIDIO C ARMA DE FUEGO,HOMICIDIO C ARMA DE FUEGO,18:56,PARAJES DE SAN ISIDRO,VOLCAN LASCAR,SONETO 156
516.0,GOE,2022-10-12,LESIONES ARMA DE FUEGO,LESIONES C ARMA DE FUEGO,18:56,PARAJES DE SAN ISIDRO,VOLCAN LASCAR,SONETO 156
525.0,SUR,2022-10-13,DET. ORDEN PENDIENTE,DET. ORDEN PENDIENTE,20:30,PARAJES DE SAN JOSE,FUNDADORES DE AMERICA,COSTA DE LA LUZ
519.0,GOE,2022-10-14,DET. ORDEN PENDIENTE,DET. ORDEN PENDIENTE,15:40,HACIENDA DE LAS TORRES UNIVERSIDAD,HACIENDA EL ENCANTO,INDEPENDENCIA
513.0,UNEVID,2022-11-19,DET. ORDEN PENDIENTE,DET. ORDEN PENDIENTE,03:05,FRAY GARCIA DE SAN FRANCISCO,CUSTODIA DE LA REPUBLICA,MESA CENTRAL
612.0,UNEVID,2022-11-17,DET. ORDEN PENDIENTE,DET. ORDEN PENDIENTE,11:00,OASIS ORIENTE,KUWAIT,BULGARIA
419.0,SUR,2022-11-22,ARMAS DECOMISADAS,ARMAS DE FUEGO DECOM.,22:50,JARDINES DEL VALLE,CAMINO VIEJO A LA ROSITA,RAFAEL SANTOS
601.0,SUR,2022-11-19,ARMAS DECOMISADAS,ARMAS DE FUEGO DECOM.,20:39,RESERVA DEL VALLE,HACIENDA SAN MIGUEL,VALLE DEL SOL
514.0,UNEVID,2022-11-21,DET. ORDEN PENDIENTE,DET. ORDEN PENDIENTE,11:45,PARAJES DE ORIENTE,PUERTO TARENTO,BILBAO
518.0,UNEVID,2022-11-19,DET. ORDEN PENDIENTE,DET. ORDEN PENDIENTE,10:45,URBIVILLA DEL CEDRO,MONTE BLANCO,MONTE ARAGON
514.0,UNEVID,2022-11-19,DET. ORDEN PENDIENTE,DET. ORDEN PENDIENTE,03:05,MANUEL J. CLOUTHIER,CUSTODIA DE LA REPUBLICA,INDEPENDENCIA
519.0,UNEVID,2022-11-20,ROBO OTROS,ROBO DE ACCESORIOS A VEHICULO,15:36,RINCONES DE SALVARCAR,ANTILLAS,ATLAS
526.0,UNEVID,2022-11-19,ROBO OTROS,ROBO DE ACCESORIOS A VEHICULO,19:15,PARAJES DE SAN JOSE,FUNDADORES,COSTA BRAVA
527.0,GOE,2022-11-21,DET. ORDEN PENDIENTE,DET. ORDEN PENDIENTE,15:37,MISIONES DE CREEL,BARRANCA DE URIQUE,CERRO DE LA BUFA
522.0,UNEVID,2022-11-25,DET. ORDEN PENDIENTE,DET. ORDEN PENDIENTE,01:50,LAS HACIENDAS,HACIENDA CENTRAL,HACIENDA PONIENTE
706.0,UNEVID,2022-11-27,DET. ORDEN PENDIENTE,DET. ORDEN PENDIENTE,17:00,EL PAPALOTE,EJIDO OJO DE LA CASA,EJIDO JESUS CARRANZA
633.0,GOE,2022-10-07,DET. ORDEN PENDIENTE,DET. ORDEN PENDIENTE,16:05,LAS ALMERAS,HACIENDA DE ORQUIDEA,CINCO CONTINENTES
522.0,SUR,2022-10-17,ABUSO SEXUAL,ABUSO SEXUAL,20:22,LAS HACIENDAS,HACIENDA CENTRAL,HACIENDA LA CONCORDIA
616.0,GOE,2022-10-20,DET. ORDEN PENDIENTE,DET. ORDEN PENDIENTE,21:55,SOLIDARIDAD,SOLIDARIDAD,SIEMPRE VENCEREMOS
525.0,SUR,2022-10-20,LESIONES ARMA DE FUEGO,LESIONES C ARMA DE FUEGO,20:15,VALLE FUNDADORES,FRANCISCO DE ORELLANA,PEDRO BARBA
514.0,SUR,2022-10-18,DET. ORDEN PENDIENTE,DET. ORDEN PENDIENTE,19:28,PARAJES DE ORIENTE,DESIERTO DE KAU NORTE,CUSTODIA DE LA REPUBLICA
601.0,CANINA,2022-10-21,DET. ORDEN PENDIENTE,DET. ORDEN PENDIENTE,18:30,ANDRES FIGUEROA,LIGA SOCIALISTA DE PUERTO RICO,SIERRA MADRE DEL SUR
622.0,UNEVID,2022-10-18,ABUSO SEXUAL,ABUSO SEXUAL,12:00,PARAJES DEL SOL,PALACIO DE MITLA,YEPOMERA
510.0,UNEVID,2022-10-16,PORTAR OBJETOS PELIG.,PORTAR OBJETOS PELIG.,17:53,MISIONES DEL REAL,SAN MAXIMINO,SANTA AGRIPINA
521.0,UNEVID,2022-10-21,ROBO A NEGOCIO,ROBO FARDERO,16:12,PARAJES DEL SUR FRACCIONAMIENTO,DON MANUEL TALAMAS CAMANDARI,INDEPENDENCIA
508.0,UNEVID,2022-10-23,ROBO A CASA HABITACION,ROBO A CASA HABITACION,06:40,TORRES DEL SUR,PALACIO DE PAQUIME,PALACIO DE TIKAL
618.0,UNEVID,2022-10-24,ABUSO SEXUAL,ABUSO SEXUAL,13:45,TORRES DEL PRI,CUARTA,RENE MASCAREÐAS MIRANDA
517.0,UNEVID,2022-11-27,DET. ORDEN PENDIENTE,DET. ORDEN PENDIENTE,09:46,PARAJES DE SAN JUAN,PASEO DE ORIENTE,JESUS GONZALEZ ORTEGA
516.0,UNEVID,2022-11-27,ROBO OTROS,ROBO OTROS,09:52,PARAJES DE SAN ISIDRO,DON MANUEL TALAMAS CAMANDARI,PASEO DE SAN ISIDRO
514.0,GOE,2022-11-25,DET. ORDEN PENDIENTE,DET. ORDEN PENDIENTE,21:10,PARAJES DE ORIENTE,CUSTODIA DE LA REPUBLICA,DESIERTO VICTORIA
516.0,GOE,2022-11-28,DET. ORDEN PENDIENTE,DET. ORDEN PENDIENTE,22:44,PARAJES DE SAN ISIDRO,VOLCAN HUDSON,FORTIN DE LA SOLEDAD
107.0,COM. ESPECIALES,2022-11-29,DET. ORDEN PENDIENTE,DET. ORDEN PENDIENTE,19:30,FELIPE ANGELES,ARROYO DE LAS VIBORAS,DURAZNO
612.0,POLICIA COMERCIAL,2022-10-30,ARMAS DECOMISADAS,ARMAS DE FUEGO DECOM.,13:45,LAS DUNA RESIDENCIAL,SORGO,DE LAS TORRES
514.0,GOE,2022-10-30,DET. ORDEN PENDIENTE,DET. ORDEN PENDIENTE,14:48,PARAJES DE ORIENTE,PUERTO TARENTO,CUSTODIA DE LA REPUBLICA
633.0,GOE,2022-10-28,DET. ORDEN PENDIENTE,DET. ORDEN PENDIENTE,20:30,VALLE DEL MARQUES,DE LAS MARAVILLAS,LIBRAMIENTO REGIONAL
218.0,PONIENTE,2022-12-01,ARMAS DECOMISADAS,ARMAS DE FUEGO DECOM.,12:03,DIVISION DEL NORTE COL.,GENERAL JOSE TRINIDAD RODRIGUEZ,GENERAL MANUEL CHAO
622.0,UNEVID,2022-12-02,ABUSO SEXUAL,ABUSO SEXUAL,15:08,USOS MIXTOS,ZARAGOZA,OSCAR FLORES SANCHEZ
628.0,POLICIA COMERCIAL,2022-12-01,HOMICIDIO C ARMA DE FUEGO,HOMICIDIO C ARMA DE FUEGO,16:40,KILOMETRO 29,CASAS GRANDES,SIERRA DE TLAHUALILO
709.0,GOE,2022-12-28,DET. ORDEN PENDIENTE,DET. ORDEN PENDIENTE,22:00,PARQUE INDUSTRIAL PIMSA INTERMEX,SANTIAGO TRONCOSO,SIERRA TARAHUMARA
622.0,CANINA,2022-11-03,DET. ORDEN PENDIENTE,DET. ORDEN PENDIENTE,17:00,PARAJES DEL SOL,PALACIO DE MITLA,HUMARIZA
515.0,GOE,2022-12-04,DET. ORDEN PENDIENTE,DET. ORDEN PENDIENTE,16:35,OLIVIA ESPINOZA DE BERMUDEZ,MARIA TERESA ROJAS,OLIVIA ESPINOZA DE BERMUDEZ
401.0,POLICIA COMERCIAL,2022-12-05,DET. ORDEN PENDIENTE,DET. ORDEN PENDIENTE,11:40,FRONTERA,VALLE DE ALLENDE,VALLE DE JUAREZ
414.0,POLICIA COMERCIAL,2022-12-05,ROBO A NEGOCIO,ROBO A NEGOCIO,20:00,SUBCENTRO URBANO,TEOFILO BORUNDA,PASEO DE LA VICTORIA
622.0,VALLE,2022-12-09,LESIONES ARMA DE FUEGO,LESIONES C ARMA DE FUEGO,22:50,PRADERAS DE LOS ALAMOS,PRADERAS DEL NARANJO,PRADERAS DEL NARANJO
522.0,GOE,2022-12-08,HOMICIDIO C ARMA DE FUEGO,HOMICIDIO C ARMA DE FUEGO,22:43,LAS HACIENDAS,HACIENDA BATOPILAS,HACIENDA ORIENTE
517.0,UNEVID,2022-10-25,ROBO A CASA HABITACION,ROBO A CASA HABITACION,15:36,LOMAS DEL DESIERTO I,DESIERTO DE NAMIB,DESIERTO DE NEGEV
515.0,UNEVID,2022-10-31,DET. ORDEN PENDIENTE,DET. ORDEN PENDIENTE,16:51,OLIVIA ESPINOZA DE BERMUDEZ,CARMEN AMATO,30 DE ABRIL
711.0,GOE,2022-11-02,ARMAS DECOMISADAS,ARMAS DE FUEGO DECOM.,20:01,PORTAL DEL ROBLE,PUERTO VALLARTA,PUERTO TARENTO
711.0,GOE,2022-11-02,TENTATIVA DE HOMICIDIO,TENTATIVA DE HOMICIDIO,20:01,PORTAL DEL ROBLE,PUERTO VALLARTA,PUERTO TARENTO
515.0,GOE,2022-11-02,DET. ORDEN PENDIENTE,DET. ORDEN PENDIENTE,20:50,OLIVIA ESPINOZA DE BERMUDEZ,JULIA CORDOVA ROMERO,SONETO 156
522.0,SUR,2022-11-02,DET. ORDEN PENDIENTE,DET. ORDEN PENDIENTE,08:20,VALLE DE ALLENDE,HACIENDA PONIENTE,OJO DE VILLALOPEZ
711.0,GOE,2022-11-01,TENTATIVA DE HOMICIDIO,TENTATIVA DE HOMICIDIO,20:01,PORTAL DEL ROBLE,PUERTO VALLARTA,PUERTO TARENTO
601.0,CANINA,2022-11-07,DET. ORDEN PENDIENTE,DET. ORDEN PENDIENTE,16:09,LA CUESTA,MACHETEROS,IRVING FLORES
513.0,UNEVID,2022-11-06,ABUSO SEXUAL,ABUSO SEXUAL,14:05,FRAY GARCIA DE SAN FRANCISCO,MESA CENTRAL,CUSTODIA DE LA REPUBLICA
706.0,RIVERAS,2022-11-08,DET. ORDEN PENDIENTE,DET. ORDEN PENDIENTE,19:38,LA CAÐADA,PASEO DE LA CAÐADA,PASEO DE LA CAÐADA
417.0,GOE,2022-11-10,DET. ORDEN PENDIENTE,DET. ORDEN PENDIENTE,20:30,USOS MIXTOS,CAMINO ORTIZ RUBIO,CAMINO A LA ROSITA
508.0,UNEVID,2022-11-11,ABUSO SEXUAL,ABUSO SEXUAL,06:42,TORRES DEL SUR,PALACIO DE MITLA,PALACIO DE MONTE ALBAN
527.0,UNEVID,2022-11-11,ABUSO SEXUAL,ABUSO SEXUAL,22:42,MISIONES DE CREEL,MUSEO DE PAQUIME,BARRANCA DE URIQUE
516.0,GOE,2022-11-13,TENTATIVA DE HOMICIDIO,TENTATIVA DE HOMICIDIO,15:17,PARAJES DE SAN ISIDRO,VOLCAN MARTINICO,VOLCAN SAN MARCELINO
516.0,GOE,2022-11-13,ARMAS DECOMISADAS,ARMAS DE FUEGO DECOM.,15:17,PARAJES DE SAN ISIDRO,VOLCAN MARTINICO,VOLCAN SAN MARCELINO
527.0,GOE,2022-11-06,PORTAR OBJETOS PELIG.,PORTAR OBJETOS PELIG.,01:13,LAS HACIENDAS,HACIENDA TIERRA BLANCA,ACACIA
518.0,UNEVID,2022-11-11,DET. ORDEN PENDIENTE,DET. ORDEN PENDIENTE,19:10,URBIVILLA DEL CEDRO,MONTE CAMERUN,CEDROS DE LA ESTEPA
522.0,UNEVID,2022-12-26,ROBO A NEGOCIO,ROBO A NEGOCIO,20:22,LAS HACIENDAS,HACIENDA PONIENTE,HACIENDA BATOPILAS
617.0,CANINA,2022-12-27,DET. ORDEN PENDIENTE,DET. ORDEN PENDIENTE,16:00,LUCIO BLANCO,ARMANDO GONZALEZ SOTO,CARLOS FRANK
220.0,UNEVID,2022-12-28,DET. ORDEN PENDIENTE,DET. ORDEN PENDIENTE,03:20,DEL MARQUEZ,TECNOLOGICO,RUISEÐOR
525.0,UNEVID,2022-12-28,HOMICIDIO C ARMA DE FUEGO,HOMICIDIO C ARMA DE FUEGO,08:28,VILLAS DE ALCALA,VILLAS DE ALCALA,VILLA MERCEDES
522.0,CANINA,2022-12-28,ARMAS DECOMISADAS,ARMAS DE FUEGO DECOM.,17:35,LAS HACIENDAS,HACIENDA PONIENTE,HACIENDA LA CONCEPCION
522.0,CANINA,2022-12-28,ARMAS DECOMISADAS,ARMAS DE FUEGO DECOM.,18:39,CERRADAS SANTA ISABEL,SAN ILDEFONSO,SANTA ISABEL
521.0,UNEVID,2022-12-28,DET. ORDEN PENDIENTE,DET. ORDEN PENDIENTE,03:30,PARAJES DEL SUR FRACCIONAMIENTO,TIERRA DE FUEGO,PEREIRA
525.0,GOE,2022-12-29,DET. ORDEN PENDIENTE,DET. ORDEN PENDIENTE,21:55,VALLE FUNDADORES,FUNDADORES DE AMERICA,COSTA DE LA LUZ
518.0,GOE,2022-12-30,PORTAR OBJETOS PELIG.,PORTAR OBJETOS PELIG.,20:45,URBIVILLA DEL CEDRO,MONTES DEL CANTAL,PICO LENANA
